id,topic1_id,topic1_prob,topic2_id,topic2_prob,topic3_id,topic4_prob
2,4,0.453774094581604,5.0,0.2860337197780609,7.0,0.2500651776790619
4,4,0.7464181780815125,8.0,0.13024696707725525,7.0,0.08896313607692719
7,5,0.724457323551178,7.0,0.18070989847183228,4.0,0.09240544587373734
9,5,0.47146689891815186,4.0,0.2212163507938385,7.0,0.16862690448760986
13,5,0.473532110452652,7.0,0.3006589412689209,4.0,0.22088533639907837
14,4,0.6872832775115967,8.0,0.13960163295269012,7.0,0.11597925424575806
15,4,0.6039422154426575,8.0,0.15507696568965912,7.0,0.11410369724035263
24,4,0.7165889739990234,5.0,0.10192369669675827,7.0,0.0797024518251419
26,6,0.6558341979980469,5.0,0.2729187607765198,4.0,0.04264753311872482
30,5,0.5585397481918335,4.0,0.3081095814704895,7.0,0.08198527246713638
31,4,0.7890331149101257,0.0,0.1139901652932167,7.0,0.0601675920188427
33,5,0.5798577070236206,4.0,0.18135322630405426,7.0,0.17578594386577606
38,4,0.6857607960700989,5.0,0.1188713014125824,7.0,0.1000959500670433
41,4,0.6892915964126587,7.0,0.18051278591156006,5.0,0.07834848761558533
43,4,0.5654505491256714,5.0,0.32553616166114807,7.0,0.10198300331830978
44,5,0.5284132361412048,4.0,0.3096083998680115,7.0,0.07397887110710144
45,4,0.6494792103767395,0.0,0.1656268835067749,5.0,0.10843208432197571
46,4,0.4485611915588379,5.0,0.43566879630088806,9.0,0.04537506774067879
47,4,0.4229993224143982,2.0,0.2266925573348999,5.0,0.13163304328918457
48,5,0.8195793628692627,4.0,0.08453802764415741,1.0,0.0619538314640522
49,4,0.5687713027000427,8.0,0.2707417607307434,7.0,0.10151597112417221
50,4,0.36280035972595215,5.0,0.22259189188480377,9.0,0.1850920021533966
52,4,0.7429772019386292,7.0,0.17077329754829407,5.0,0.06607881188392639
60,5,0.39849650859832764,4.0,0.3336971700191498,7.0,0.22266685962677002
61,4,0.5348735451698303,7.0,0.3219177722930908,5.0,0.0860227644443512
63,4,0.506898820400238,7.0,0.25242891907691956,5.0,0.14834962785243988
64,4,0.6927935481071472,7.0,0.25850436091423035,5.0,0.025841455906629562
65,6,0.5660161972045898,5.0,0.41039249300956726,7.0,0.010808193124830723
67,6,0.7372620701789856,4.0,0.1666249781847,5.0,0.03442852944135666
71,0,0.233656644821167,6.0,0.22844049334526062,4.0,0.20420090854167938
72,6,0.8411381840705872,4.0,0.14954672753810883,,
75,4,0.5824607610702515,7.0,0.23680368065834045,5.0,0.13585565984249115
76,6,0.7144284844398499,4.0,0.20592598617076874,0.0,0.030940812081098557
78,7,0.4794963598251343,4.0,0.4510175883769989,5.0,0.06071658059954643
80,4,0.8276107311248779,5.0,0.09130369871854782,7.0,0.07270877808332443
83,6,0.782299816608429,4.0,0.11710114032030106,9.0,0.04461329057812691
84,6,0.7144248485565186,4.0,0.20592349767684937,0.0,0.0309598408639431
85,4,0.6292374134063721,7.0,0.2085864394903183,5.0,0.09889332205057144
88,4,0.44449877738952637,5.0,0.3681866228580475,7.0,0.1524193435907364
89,4,0.532844603061676,7.0,0.2778473496437073,9.0,0.07719205319881439
93,6,0.7960845232009888,4.0,0.1753605306148529,7.0,0.020561382174491882
94,4,0.5996548533439636,7.0,0.3582201600074768,5.0,0.036100585013628006
96,7,0.3159653842449188,5.0,0.31488776206970215,4.0,0.2740268409252167
97,6,0.7063129544258118,5.0,0.22006240487098694,4.0,0.05645083636045456
98,4,0.41091954708099365,7.0,0.2833494246006012,9.0,0.1486186981201172
99,5,0.2942624092102051,6.0,0.2705996632575989,4.0,0.25254979729652405
101,6,0.7144228219985962,4.0,0.2059110850095749,0.0,0.030993368476629257
103,5,0.6540321111679077,4.0,0.20830519497394562,7.0,0.09435506910085678
104,6,0.8156863451004028,5.0,0.1262604296207428,4.0,0.044603992253541946
105,4,0.39673349261283875,5.0,0.29040607810020447,7.0,0.28670623898506165
107,4,0.5073056817054749,5.0,0.30930447578430176,7.0,0.1438141167163849
108,4,0.7001701593399048,7.0,0.20717623829841614,5.0,0.056035395711660385
109,4,0.7333999276161194,5.0,0.13490436971187592,7.0,0.08281534165143967
110,5,0.43321892619132996,4.0,0.3452780246734619,0.0,0.06603070348501205
111,5,0.606865406036377,4.0,0.20179499685764313,7.0,0.17459122836589813
112,4,0.6360909938812256,7.0,0.17852316796779633,6.0,0.09297987818717957
113,6,0.8238990306854248,2.0,0.13483422994613647,4.0,0.027658231556415558
117,4,0.7121421098709106,5.0,0.09643394500017166,1.0,0.08441980183124542
119,5,0.4828936755657196,4.0,0.39614731073379517,7.0,0.06380025297403336
121,4,0.5341598987579346,2.0,0.2135603427886963,5.0,0.09322695434093475
122,4,0.512332558631897,5.0,0.1787421703338623,7.0,0.10076384246349335
123,4,0.4974249601364136,3.0,0.18446475267410278,7.0,0.18031959235668182
125,4,0.5995944738388062,5.0,0.2810426950454712,7.0,0.053578972816467285
126,4,0.5054754614830017,5.0,0.29416152834892273,7.0,0.15651746094226837
127,4,0.34548377990722656,5.0,0.18988676369190216,7.0,0.1471438854932785
128,5,0.40928342938423157,4.0,0.37958720326423645,7.0,0.20611459016799927
130,4,0.7911780476570129,7.0,0.15142668783664703,9.0,0.01730836182832718
131,4,0.6929253339767456,7.0,0.1584191471338272,5.0,0.0757918506860733
135,7,0.386276513338089,4.0,0.31938818097114563,5.0,0.2457445114850998
136,4,0.5422512888908386,5.0,0.18401193618774414,8.0,0.14760804176330566
137,5,0.3871442675590515,7.0,0.3199159801006317,4.0,0.2873819172382355
138,4,0.5991545915603638,7.0,0.2118634730577469,5.0,0.14007964730262756
139,7,0.39450180530548096,4.0,0.3939143121242523,5.0,0.19398446381092072
140,5,0.6622164845466614,4.0,0.16725987195968628,7.0,0.09120636433362961
141,4,0.6697078943252563,7.0,0.13968412578105927,5.0,0.10721631348133087
142,5,0.4377726912498474,4.0,0.3453145921230316,7.0,0.18773230910301208
143,5,0.5219734311103821,4.0,0.2735574245452881,7.0,0.18515624105930328
144,4,0.5172641277313232,1.0,0.18186959624290466,7.0,0.158184215426445
145,4,0.7352842092514038,5.0,0.17417772114276886,7.0,0.07064490765333176
146,4,0.5790773630142212,7.0,0.29833298921585083,5.0,0.07531994581222534
147,5,0.3626701831817627,4.0,0.2759779691696167,7.0,0.2701648771762848
148,5,0.40998053550720215,4.0,0.3209821879863739,7.0,0.19253158569335938
151,6,0.8233304619789124,4.0,0.167042076587677,,
152,5,0.4974583387374878,4.0,0.36920610070228577,7.0,0.11359204351902008
153,4,0.536526620388031,7.0,0.18658144772052765,5.0,0.1600262075662613
154,4,0.5464229583740234,7.0,0.16277702152729034,5.0,0.15345442295074463
155,4,0.46343204379081726,7.0,0.32026317715644836,5.0,0.11687692999839783
156,4,0.614229142665863,5.0,0.23919202387332916,0.0,0.049943555146455765
157,4,0.7136768102645874,7.0,0.15168017148971558,6.0,0.08196575939655304
159,4,0.6771331429481506,7.0,0.17999285459518433,1.0,0.07187428325414658
160,4,0.5911331176757812,7.0,0.2701131999492645,5.0,0.07772848010063171
161,4,0.6241316199302673,5.0,0.29462701082229614,7.0,0.055379487574100494
162,4,0.4513819217681885,5.0,0.3411844074726105,7.0,0.14888212084770203
163,5,0.46287769079208374,4.0,0.4019947648048401,7.0,0.03907034546136856
164,5,0.6492109298706055,4.0,0.1758871078491211,7.0,0.16292163729667664
165,4,0.5016467571258545,5.0,0.17292001843452454,7.0,0.15438352525234222
167,4,0.502619743347168,7.0,0.2434530407190323,5.0,0.2174413651227951
168,6,0.9063652157783508,0.0,0.06019313260912895,2.0,0.01910894550383091
169,4,0.3818149268627167,5.0,0.280601441860199,7.0,0.27490586042404175
170,4,0.7329574823379517,5.0,0.10285010933876038,7.0,0.09676966816186905
171,4,0.5320356488227844,7.0,0.2840493619441986,5.0,0.1591842621564865
173,6,0.7935144305229187,5.0,0.07775561511516571,3.0,0.062837615609169
174,5,0.5216847658157349,4.0,0.34233665466308594,7.0,0.0729670450091362
176,4,0.5133804082870483,7.0,0.2869490385055542,5.0,0.14500874280929565
177,4,0.6344223022460938,2.0,0.13749343156814575,5.0,0.13531649112701416
178,4,0.524446427822113,7.0,0.28252819180488586,5.0,0.11238928884267807
179,5,0.8497982025146484,4.0,0.06433022767305374,1.0,0.05830560252070427
180,6,0.8113385438919067,4.0,0.10159707814455032,5.0,0.0844644084572792
181,4,0.5058712363243103,7.0,0.24876490235328674,5.0,0.20022615790367126
182,4,0.5272218585014343,7.0,0.39829009771347046,5.0,0.05745404213666916
183,4,0.8138602375984192,5.0,0.12491561472415924,7.0,0.03453284129500389
184,4,0.5370709300041199,7.0,0.23743905127048492,5.0,0.1322622150182724
185,4,0.7192012667655945,5.0,0.13178294897079468,7.0,0.08345617353916168
186,4,0.590751588344574,7.0,0.12301307171583176,0.0,0.08772557973861694
192,6,0.8283713459968567,9.0,0.1255713254213333,2.0,0.02586342766880989
193,4,0.5386520028114319,2.0,0.26069584488868713,7.0,0.09906312823295593
194,4,0.4395005404949188,7.0,0.27657970786094666,9.0,0.14256803691387177
195,4,0.6758867502212524,7.0,0.13254694640636444,5.0,0.11133025586605072
198,6,0.7546391487121582,4.0,0.1169675812125206,5.0,0.07284985482692719
199,5,0.45568227767944336,4.0,0.41389337182044983,7.0,0.07336339354515076
201,4,0.4350818395614624,5.0,0.27123770117759705,7.0,0.093279629945755
202,4,0.46076157689094543,5.0,0.310318261384964,7.0,0.2054625153541565
203,5,0.44639185070991516,4.0,0.23927950859069824,7.0,0.21214531362056732
205,4,0.6967876553535461,7.0,0.15351057052612305,5.0,0.0797412097454071
206,4,0.66595059633255,7.0,0.22021648287773132,5.0,0.08288891613483429
209,4,0.3694319427013397,5.0,0.26235777139663696,7.0,0.18449153006076813
210,4,0.3309849798679352,5.0,0.27915042638778687,6.0,0.19456806778907776
211,5,0.3418082296848297,4.0,0.29427045583724976,0.0,0.2718595266342163
212,4,0.7426053881645203,7.0,0.1257069706916809,0.0,0.053879741579294205
213,5,0.43673649430274963,4.0,0.29275938868522644,7.0,0.24796591699123383
214,4,0.5279458165168762,7.0,0.29399073123931885,5.0,0.12349094450473785
217,5,0.427677184343338,4.0,0.3183342218399048,7.0,0.2324446737766266
218,4,0.548528254032135,5.0,0.20614220201969147,1.0,0.13529059290885925
219,4,0.716200590133667,5.0,0.12354561686515808,7.0,0.10223948210477829
222,4,0.4323104918003082,5.0,0.34812813997268677,7.0,0.1498897224664688
223,4,0.3642507791519165,1.0,0.2452920377254486,7.0,0.22780659794807434
225,5,0.4313933253288269,4.0,0.3995441198348999,7.0,0.06894444674253464
227,4,0.7379885315895081,5.0,0.1000862792134285,7.0,0.0804702639579773
228,4,0.7927996516227722,7.0,0.1120157539844513,5.0,0.05724411830306053
230,4,0.5953189730644226,9.0,0.10966839641332626,7.0,0.1022459864616394
231,5,0.6006686687469482,4.0,0.19430242478847504,7.0,0.14989477396011353
232,4,0.40115121006965637,2.0,0.2573164701461792,5.0,0.23680347204208374
233,4,0.7550948858261108,5.0,0.14633169770240784,7.0,0.09568413347005844
234,5,0.4439225196838379,4.0,0.27158284187316895,7.0,0.17462044954299927
235,4,0.49685901403427124,7.0,0.4088597595691681,5.0,0.07262098044157028
237,4,0.41401785612106323,7.0,0.16272911429405212,9.0,0.12777063250541687
238,4,0.4801301658153534,5.0,0.16013970971107483,7.0,0.15085579454898834
239,4,0.7068193554878235,7.0,0.2720284163951874,0.0,0.010467701591551304
240,4,0.4455040991306305,2.0,0.20816221833229065,7.0,0.20602057874202728
241,4,0.5884507298469543,7.0,0.22976094484329224,5.0,0.17703819274902344
246,5,0.2830222547054291,4.0,0.24071238934993744,6.0,0.0840420350432396
249,4,0.7928993105888367,7.0,0.09133419394493103,6.0,0.03618507459759712
250,4,0.47898900508880615,7.0,0.2467254102230072,5.0,0.23406727612018585
251,4,0.548718273639679,5.0,0.13966263830661774,7.0,0.12340080738067627
253,4,0.5622835159301758,5.0,0.3117920756340027,7.0,0.09042800217866898
254,4,0.3299280107021332,5.0,0.311046302318573,7.0,0.21225017309188843
258,4,0.5123962163925171,7.0,0.17289090156555176,5.0,0.1639898270368576
259,4,0.530106246471405,7.0,0.15910197794437408,0.0,0.11580778658390045
260,5,0.5912321209907532,4.0,0.21389693021774292,7.0,0.0978671982884407
262,5,0.661389172077179,7.0,0.17179366946220398,4.0,0.12341482192277908
263,4,0.43883180618286133,7.0,0.2975468039512634,5.0,0.15034228563308716
264,4,0.48639869689941406,7.0,0.4611797034740448,5.0,0.04450715333223343
265,4,0.4509018659591675,2.0,0.25633081793785095,6.0,0.11022832244634628
267,4,0.616808295249939,5.0,0.2044154703617096,7.0,0.11490249633789062
269,4,0.5960296392440796,1.0,0.1510649472475052,5.0,0.08432132750749588
270,5,0.4712434709072113,7.0,0.26509928703308105,4.0,0.13286110758781433
274,6,0.3475300669670105,4.0,0.25295770168304443,5.0,0.1851663589477539
275,4,0.37644603848457336,5.0,0.25535112619400024,7.0,0.1560049206018448
276,4,0.37246274948120117,5.0,0.28949078917503357,7.0,0.1745736449956894
278,4,0.4832213222980499,7.0,0.3863382935523987,5.0,0.06624362617731094
280,4,0.47333088517189026,5.0,0.3508395552635193,7.0,0.07189727574586868
281,4,0.5662397742271423,7.0,0.279154509305954,5.0,0.14752359688282013
285,4,0.4520703852176666,7.0,0.2783925533294678,5.0,0.19726267457008362
286,5,0.3874609172344208,4.0,0.3383890986442566,7.0,0.13013619184494019
291,7,0.3894294202327728,4.0,0.3844340443611145,5.0,0.1346738636493683
292,5,0.5733290910720825,4.0,0.21697700023651123,7.0,0.14062559604644775
293,5,0.2830222547054291,4.0,0.24071238934993744,6.0,0.0840420350432396
295,4,0.5972447395324707,7.0,0.2172520011663437,5.0,0.11673836410045624
296,4,0.5768629312515259,6.0,0.15512755513191223,7.0,0.09620244801044464
298,5,0.7069414258003235,4.0,0.1560749113559723,7.0,0.12234223634004593
299,5,0.5287990570068359,7.0,0.21714721620082855,4.0,0.2140825390815735
301,4,0.4844663441181183,7.0,0.2915754020214081,5.0,0.19680140912532806
305,4,0.422366201877594,7.0,0.29787489771842957,5.0,0.2572546899318695
308,5,0.45103079080581665,4.0,0.37534862756729126,7.0,0.12828181684017181
311,5,0.48843932151794434,4.0,0.2600540816783905,7.0,0.16956500709056854
312,4,0.4008709490299225,5.0,0.3291168510913849,7.0,0.1461767852306366
313,5,0.574420690536499,4.0,0.18487277626991272,3.0,0.11485453695058823
314,4,0.5262566804885864,5.0,0.2255234569311142,7.0,0.21566760540008545
315,4,0.33954131603240967,7.0,0.21110527217388153,5.0,0.20628410577774048
317,5,0.311774879693985,4.0,0.29410430788993835,7.0,0.24638307094573975
320,4,0.5775787830352783,5.0,0.23577190935611725,2.0,0.05281459540128708
322,4,0.47806304693222046,5.0,0.29604372382164,7.0,0.1667378693819046
323,4,0.6424418091773987,5.0,0.18835386633872986,7.0,0.08448583632707596
326,5,0.39424875378608704,4.0,0.2906302213668823,7.0,0.16225449740886688
327,4,0.4243321716785431,7.0,0.395781934261322,5.0,0.16188068687915802
328,5,0.7034761905670166,4.0,0.14872989058494568,7.0,0.128640815615654
329,5,0.7806825637817383,6.0,0.16233672201633453,4.0,0.03895822912454605
330,0,0.7931494116783142,3.0,0.09982607513666153,5.0,0.07234392315149307
331,3,0.6323220729827881,5.0,0.18980462849140167,4.0,0.06293225288391113
332,4,0.23975864052772522,6.0,0.2372305542230606,3.0,0.148946613073349
526,5,0.7162830829620361,4.0,0.180984228849411,9.0,0.037270333617925644
334,5,0.5878464579582214,6.0,0.17397694289684296,1.0,0.11296560615301132
335,5,0.5297397971153259,4.0,0.17761781811714172,2.0,0.14609737694263458
337,4,0.4603613018989563,6.0,0.42053619027137756,5.0,0.07117392122745514
338,4,0.3523082435131073,6.0,0.35223498940467834,9.0,0.1455623060464859
341,5,0.8302112817764282,6.0,0.09494572132825851,4.0,0.036903560161590576
342,5,0.35691797733306885,4.0,0.27472853660583496,6.0,0.23620502650737762
343,4,0.4401315450668335,6.0,0.3536128103733063,5.0,0.1261923462152481
345,5,0.3765609860420227,6.0,0.2259528785943985,0.0,0.18400394916534424
346,5,0.45178014039993286,4.0,0.1912439912557602,6.0,0.18294622004032135
347,5,0.8636583089828491,4.0,0.05036308988928795,6.0,0.039826709777116776
348,5,0.7081162333488464,6.0,0.1456088423728943,4.0,0.06346963346004486
351,5,0.606532633304596,2.0,0.1935671716928482,4.0,0.08859420567750931
354,5,0.4775178134441376,6.0,0.21851783990859985,4.0,0.18993736803531647
355,5,0.49684256315231323,6.0,0.2461293339729309,4.0,0.15918515622615814
356,5,0.6365258097648621,8.0,0.1296267956495285,6.0,0.10403408110141754
357,5,0.7758077383041382,9.0,0.10872404277324677,4.0,0.05088840425014496
358,5,0.5841012597084045,6.0,0.2538255453109741,1.0,0.05746068060398102
360,5,0.5724239945411682,6.0,0.221943661570549,4.0,0.1824008673429489
361,5,0.4200238287448883,4.0,0.39499762654304504,6.0,0.16368785500526428
363,5,0.47634679079055786,6.0,0.18643240630626678,1.0,0.17511455714702606
364,5,0.7758152484893799,9.0,0.10872700065374374,4.0,0.050877951085567474
365,5,0.8415479063987732,6.0,0.06149913743138313,3.0,0.039651479572057724
367,5,0.7080442905426025,6.0,0.09513456374406815,4.0,0.057257600128650665
368,5,0.2871398627758026,6.0,0.2314969301223755,4.0,0.20178630948066711
370,5,0.6448057889938354,6.0,0.10405079275369644,4.0,0.08007913827896118
371,5,0.803760826587677,6.0,0.17774330079555511,,
372,5,0.739022433757782,6.0,0.16069146990776062,4.0,0.08751172572374344
373,5,0.7484102249145508,6.0,0.09524645656347275,4.0,0.0918295830488205
374,5,0.7069269418716431,6.0,0.11379888653755188,4.0,0.08669671416282654
377,0,0.23305313289165497,4.0,0.19780687987804413,5.0,0.1562303751707077
378,5,0.729080855846405,9.0,0.08870767802000046,7.0,0.06820443272590637
379,5,0.4920750856399536,6.0,0.18706929683685303,4.0,0.18224716186523438
382,5,0.8277439475059509,6.0,0.0966234803199768,3.0,0.0394115187227726
384,5,0.6294792294502258,6.0,0.14119359850883484,2.0,0.0944254919886589
385,5,0.8429735898971558,6.0,0.059520188719034195,4.0,0.04807516187429428
386,5,0.6703143119812012,6.0,0.1774786412715912,3.0,0.10013140738010406
387,5,0.721742570400238,6.0,0.2014220654964447,4.0,0.058845069259405136
389,5,0.5709137916564941,6.0,0.14290833473205566,9.0,0.09251842647790909
390,5,0.8105282187461853,6.0,0.07943226397037506,4.0,0.07843663543462753
417,5,0.7326142191886902,6.0,0.1384941190481186,3.0,0.06395376473665237
391,5,0.47611987590789795,4.0,0.2824352979660034,0.0,0.14559490978717804
392,5,0.6233123540878296,6.0,0.20160000026226044,4.0,0.07727153599262238
394,5,0.7387848496437073,4.0,0.11179441958665848,6.0,0.05953951179981232
395,5,0.7757774591445923,9.0,0.10871206969022751,4.0,0.05093064531683922
396,5,0.8029649257659912,6.0,0.11106455326080322,4.0,0.043089307844638824
399,5,0.6277258396148682,6.0,0.2714137136936188,9.0,0.037536267191171646
401,0,0.7628808617591858,5.0,0.1542910784482956,3.0,0.030973954126238823
402,0,0.8534883260726929,5.0,0.08356234431266785,4.0,0.05235908925533295
403,0,0.6746969223022461,5.0,0.28489845991134644,9.0,0.026322754099965096
404,3,0.8692471981048584,7.0,0.07790447771549225,5.0,0.03359932452440262
405,3,0.8880705237388611,7.0,0.0757279247045517,5.0,0.017717573791742325
408,5,0.8210247159004211,6.0,0.11543083190917969,0.0,0.037363458424806595
409,5,0.7549232840538025,6.0,0.10268078744411469,4.0,0.06532858312129974
413,5,0.8600913882255554,6.0,0.08625265210866928,4.0,0.027756571769714355
419,3,0.8966177105903625,7.0,0.05997828394174576,5.0,0.0248821172863245
420,3,0.8759362101554871,7.0,0.08055435121059418,5.0,0.020398681983351707
421,0,0.8088168501853943,5.0,0.16430887579917908,3.0,0.01605289615690708
423,1,0.4977802634239197,3.0,0.3019615709781647,5.0,0.12473723292350769
424,0,0.5555500984191895,5.0,0.3392564654350281,3.0,0.042495496571063995
425,5,0.8016052842140198,6.0,0.11344781517982483,3.0,0.04784479737281799
426,5,0.6995106339454651,6.0,0.20793558657169342,4.0,0.07433300465345383
427,5,0.7222570180892944,6.0,0.1925714761018753,4.0,0.0741068497300148
428,5,0.45331716537475586,0.0,0.2558024227619171,6.0,0.21938709914684296
429,5,0.49967890977859497,6.0,0.36972010135650635,0.0,0.07003907859325409
433,5,0.6902900338172913,6.0,0.11570525169372559,2.0,0.09277411550283432
434,0,0.595395565032959,5.0,0.3057279586791992,4.0,0.03992300108075142
435,4,0.9564293026924133,7.0,0.02119453065097332,,
436,5,0.6855647563934326,0.0,0.16723193228244781,3.0,0.055102359503507614
442,5,0.777458131313324,6.0,0.07486698031425476,4.0,0.05239866301417351
443,5,0.8086992502212524,6.0,0.1351020783185959,3.0,0.026963643729686737
444,5,0.8370845913887024,6.0,0.09505854547023773,4.0,0.0350041501224041
445,1,0.4265768826007843,5.0,0.3282904326915741,6.0,0.11642991006374359
446,5,0.5469477772712708,6.0,0.2086259126663208,0.0,0.0962458997964859
447,5,0.7758961915969849,9.0,0.10875892639160156,4.0,0.05076519772410393
448,5,0.775801420211792,9.0,0.10872147232294083,4.0,0.05089735984802246
449,6,0.4246084988117218,5.0,0.2887773811817169,4.0,0.256557822227478
450,5,0.8955094814300537,6.0,0.06208505854010582,0.0,0.025418303906917572
451,5,0.9395261406898499,6.0,0.03765232115983963,0.0,0.011292620562016964
452,5,0.8675165772438049,6.0,0.08671101927757263,3.0,0.031141364946961403
453,5,0.7379270792007446,6.0,0.10001321882009506,0.0,0.05457310751080513
457,5,0.8309546113014221,6.0,0.10635605454444885,4.0,0.033942967653274536
460,5,0.8627408742904663,6.0,0.05828794091939926,3.0,0.03390440717339516
466,5,0.6712608337402344,3.0,0.1460157036781311,6.0,0.08512434363365173
467,5,0.5693712830543518,6.0,0.3006504774093628,4.0,0.04066473990678787
468,5,0.6043486595153809,6.0,0.2610573470592499,9.0,0.04963618516921997
469,5,0.8919131755828857,4.0,0.05583401024341583,6.0,0.021493569016456604
475,3,0.8306171894073486,7.0,0.10307773947715759,5.0,0.030400825664401054
476,3,0.8343077898025513,7.0,0.10774940997362137,5.0,0.03543147072196007
477,3,0.8149394989013672,7.0,0.11262474209070206,5.0,0.06114576384425163
478,0,0.8409051895141602,3.0,0.07487454265356064,5.0,0.04355704039335251
479,1,0.5036560893058777,3.0,0.3253158926963806,5.0,0.10190501809120178
480,1,0.5883544087409973,3.0,0.31643861532211304,5.0,0.043033380061388016
481,1,0.5811251401901245,3.0,0.27256569266319275,5.0,0.07303906232118607
482,0,0.6845806837081909,5.0,0.2698274552822113,6.0,0.022714665159583092
483,5,0.775763988494873,9.0,0.10870673507452011,4.0,0.05094950273633003
485,1,0.5756480693817139,3.0,0.24008594453334808,5.0,0.1297236531972885
486,1,0.5311077237129211,3.0,0.261667400598526,5.0,0.13718731701374054
487,5,0.606052815914154,6.0,0.28181636333465576,3.0,0.06437031179666519
488,5,0.867006242275238,6.0,0.08115644752979279,4.0,0.03261595964431763
489,3,0.8397892713546753,7.0,0.09732452780008316,5.0,0.03377838060259819
490,3,0.7922233939170837,5.0,0.11598841845989227,7.0,0.06965350359678268
491,3,0.8644599914550781,7.0,0.052039630711078644,5.0,0.04165438935160637
492,3,0.7720908522605896,5.0,0.11522967368364334,7.0,0.086480513215065
493,0,0.9034584164619446,4.0,0.04518236592411995,3.0,0.036923106759786606
494,1,0.5958549976348877,3.0,0.281070351600647,5.0,0.10964430123567581
495,1,0.3972110152244568,5.0,0.27149805426597595,3.0,0.268762469291687
496,1,0.5277255177497864,3.0,0.3419184386730194,5.0,0.056850701570510864
497,0,0.6986636519432068,5.0,0.2534617483615875,3.0,0.029950205236673355
498,3,0.8938498497009277,7.0,0.07961800694465637,5.0,0.014671428129076958
499,5,0.6453847885131836,0.0,0.29475727677345276,3.0,0.02424323558807373
500,0,0.8232240080833435,5.0,0.10265647619962692,2.0,0.03379525616765022
501,1,0.5408994555473328,3.0,0.2695469558238983,5.0,0.16537415981292725
502,5,0.7870310544967651,6.0,0.08757344633340836,3.0,0.07069122046232224
503,0,0.6982278227806091,5.0,0.2719382345676422,1.0,0.01813705824315548
507,3,0.7777220010757446,5.0,0.13542895019054413,7.0,0.05533771589398384
508,3,0.882790744304657,7.0,0.10521157830953598,,
509,0,0.8934711813926697,9.0,0.03823890909552574,3.0,0.030806686729192734
510,1,0.5432814359664917,3.0,0.21287299692630768,5.0,0.17818230390548706
511,0,0.61432945728302,5.0,0.3491900861263275,4.0,0.021989932283759117
512,0,0.7305204272270203,5.0,0.25401771068573,,
514,3,0.8041192293167114,5.0,0.08653391897678375,7.0,0.07212212681770325
515,3,0.8750244379043579,7.0,0.07359825819730759,5.0,0.023503568023443222
516,0,0.9309901595115662,9.0,0.022281037643551826,3.0,0.021209143102169037
517,5,0.8522522449493408,0.0,0.05979761481285095,6.0,0.05403067544102669
518,0,0.7342562079429626,5.0,0.23900635540485382,1.0,0.017909536138176918
519,0,0.8552412390708923,5.0,0.10883967578411102,1.0,0.029481934383511543
520,0,0.6812962293624878,5.0,0.22818368673324585,4.0,0.05007172375917435
522,6,0.6207426190376282,5.0,0.3013277053833008,2.0,0.021360084414482117
524,5,0.5992642641067505,6.0,0.23375090956687927,4.0,0.08924171328544617
532,3,0.8488284945487976,7.0,0.08860945701599121,5.0,0.04489949345588684
533,3,0.8680819869041443,7.0,0.0840146616101265,5.0,0.044701091945171356
534,3,0.854335606098175,7.0,0.11219755560159683,5.0,0.017171422019600868
535,3,0.8900042772293091,7.0,0.10123826563358307,,
536,0,0.9142125844955444,5.0,0.06455731391906738,,
537,0,0.6806651949882507,3.0,0.18181069195270538,4.0,0.07942410558462143
538,1,0.5927075147628784,3.0,0.2649097442626953,5.0,0.0931786373257637
539,1,0.5327177047729492,3.0,0.33297163248062134,5.0,0.12256594002246857
540,1,0.5105814337730408,3.0,0.3268662989139557,5.0,0.13370704650878906
541,1,0.4872131943702698,3.0,0.3395516276359558,5.0,0.1252537965774536
542,5,0.6226989030838013,3.0,0.2201450914144516,6.0,0.07820820808410645
543,5,0.8686323761940002,4.0,0.09648128598928452,6.0,0.020309891551733017
545,0,0.5883594751358032,4.0,0.19725854694843292,5.0,0.10418841987848282
546,0,0.841962993144989,5.0,0.10120677202939987,7.0,0.0318332314491272
547,0,0.8016439080238342,5.0,0.1403459757566452,7.0,0.03313477709889412
548,0,0.8894844055175781,5.0,0.07980804890394211,6.0,0.019254611805081367
549,0,0.7871260643005371,5.0,0.15682612359523773,7.0,0.04026384651660919
555,3,0.8002350926399231,5.0,0.0952678993344307,7.0,0.07512260973453522
557,3,0.8694339990615845,7.0,0.06919626146554947,5.0,0.03775865212082863
558,3,0.8752073049545288,7.0,0.06166140362620354,4.0,0.03274030238389969
559,3,0.8348692059516907,7.0,0.06779520213603973,5.0,0.05645892396569252
561,5,0.5299592018127441,0.0,0.41564545035362244,1.0,0.03256269171833992
562,1,0.5992111563682556,3.0,0.19591102004051208,5.0,0.14959192276000977
563,1,0.5675676465034485,3.0,0.2803190052509308,5.0,0.11160925030708313
564,1,0.6448760628700256,3.0,0.18700917065143585,5.0,0.13563257455825806
565,1,0.5251002311706543,3.0,0.28887760639190674,5.0,0.1546478420495987
567,0,0.836065411567688,5.0,0.13484878838062286,1.0,0.018557829782366753
568,0,0.7958881258964539,5.0,0.1892770230770111,,
569,0,0.7230051755905151,5.0,0.2443302422761917,3.0,0.01692318171262741
570,0,0.7959992289543152,5.0,0.19548240303993225,,
572,3,0.864821195602417,7.0,0.08637243509292603,5.0,0.03334410488605499
573,3,0.828305721282959,5.0,0.08346108347177505,7.0,0.07339213788509369
574,5,0.6053057909011841,0.0,0.34548261761665344,6.0,0.029825836420059204
575,5,0.4808906614780426,6.0,0.3254544138908386,4.0,0.12421766668558121
576,0,0.6154522895812988,5.0,0.34325698018074036,3.0,0.017832953482866287
580,3,0.9178884625434875,7.0,0.06117812916636467,5.0,0.011425720527768135
581,3,0.9211270809173584,7.0,0.06358037889003754,,
582,5,0.590706467628479,0.0,0.34301623702049255,3.0,0.03583403676748276
583,1,0.5882533192634583,3.0,0.2236631214618683,5.0,0.13239437341690063
584,1,0.5718675851821899,3.0,0.2212623655796051,5.0,0.14819100499153137
609,5,0.9313497543334961,6.0,0.06181003153324127,,
610,5,0.959198534488678,6.0,0.01700686663389206,0.0,0.014740816317498684
585,5,0.7758800387382507,9.0,0.10875251889228821,4.0,0.05078766122460365
586,0,0.5716155767440796,5.0,0.3966142535209656,6.0,0.014317629858851433
588,5,0.8472082018852234,6.0,0.0695435181260109,9.0,0.028463035821914673
589,5,0.46489986777305603,6.0,0.2619501054286957,4.0,0.13454538583755493
591,3,0.8483566641807556,7.0,0.11452419310808182,5.0,0.027440432459115982
592,0,0.8143508434295654,5.0,0.1483442634344101,2.0,0.01722738705575466
593,1,0.5428767204284668,3.0,0.29358893632888794,5.0,0.12346099317073822
594,0,0.7694496512413025,5.0,0.17272090911865234,3.0,0.027769945561885834
595,4,0.5799880027770996,5.0,0.14924542605876923,2.0,0.10196701437234879
596,5,0.917786180973053,6.0,0.04749662056565285,0.0,0.019129088148474693
598,3,0.7846181988716125,7.0,0.10468751937150955,5.0,0.06504445523023605
599,5,0.5248281955718994,0.0,0.39766374230384827,6.0,0.04659894108772278
600,1,0.5663642287254333,3.0,0.27923503518104553,5.0,0.10400361567735672
601,0,0.7275570631027222,5.0,0.26514968276023865,,
602,8,0.3683905005455017,1.0,0.36687880754470825,4.0,0.11050433665513992
603,6,0.47610753774642944,4.0,0.4091153144836426,9.0,0.06316208839416504
607,5,0.7362434267997742,6.0,0.14976704120635986,4.0,0.05074259638786316
612,5,0.6835179328918457,6.0,0.1468908190727234,4.0,0.0782281905412674
613,5,0.8770735263824463,6.0,0.034922219812870026,4.0,0.02995520643889904
614,5,0.7678714990615845,3.0,0.12131266295909882,6.0,0.03381458297371864
615,5,0.7129901647567749,6.0,0.12574538588523865,2.0,0.0957944244146347
616,5,0.9178438186645508,6.0,0.058765240013599396,3.0,0.01216215267777443
619,3,0.6698782444000244,5.0,0.11847367882728577,7.0,0.09956847131252289
620,3,0.6761878132820129,5.0,0.15239784121513367,0.0,0.08250322192907333
622,0,0.5895492434501648,5.0,0.17010265588760376,4.0,0.08461422473192215
623,1,0.4660845994949341,3.0,0.30964022874832153,5.0,0.16166538000106812
624,1,0.4331666827201843,3.0,0.27287784218788147,5.0,0.16872061789035797
625,5,0.6455569863319397,3.0,0.16621853411197662,0.0,0.07698296755552292
626,5,0.644257664680481,3.0,0.21829788386821747,0.0,0.042524613440036774
642,3,0.8303558230400085,7.0,0.14039364457130432,5.0,0.02182701975107193
643,3,0.8463205099105835,7.0,0.10765910148620605,5.0,0.03911537677049637
644,3,0.8563572764396667,7.0,0.1286340355873108,,
645,3,0.8219267725944519,7.0,0.1452474445104599,4.0,0.02262982726097107
646,3,0.8343943953514099,7.0,0.1152602955698967,5.0,0.017807014286518097
647,3,0.8557755947113037,7.0,0.11727070808410645,5.0,0.010150055401027203
650,3,0.8142156004905701,7.0,0.10999304056167603,5.0,0.045715246349573135
651,3,0.8559545278549194,7.0,0.09768778085708618,5.0,0.038501519709825516
652,3,0.8600812554359436,7.0,0.10309446603059769,0.0,0.01813441701233387
653,3,0.8779783844947815,7.0,0.11327309161424637,,
654,3,0.840497612953186,7.0,0.14048124849796295,5.0,0.011493747122585773
655,3,0.8730241060256958,7.0,0.10836038738489151,5.0,0.011267227120697498
657,0,0.5854458212852478,5.0,0.1598997563123703,3.0,0.13717767596244812
658,0,0.6079556941986084,5.0,0.2561987638473511,3.0,0.11623772233724594
659,0,0.6245048642158508,5.0,0.3461872339248657,4.0,0.012655766680836678
660,1,0.5907076001167297,3.0,0.21206030249595642,5.0,0.13377703726291656
661,1,0.5610302090644836,3.0,0.2680305540561676,4.0,0.054348427802324295
662,1,0.5845307111740112,3.0,0.25732868909835815,5.0,0.10752343386411667
663,1,0.5849559903144836,3.0,0.2862459719181061,5.0,0.0757516473531723
664,1,0.5932239294052124,3.0,0.2593160569667816,5.0,0.07009291648864746
665,1,0.6359132528305054,3.0,0.21731126308441162,5.0,0.08962927013635635
666,1,0.5954863429069519,3.0,0.26864326000213623,5.0,0.08915285766124725
667,0,0.4981207847595215,5.0,0.2599877119064331,3.0,0.1066238209605217
675,3,0.8444816470146179,7.0,0.09435246139764786,5.0,0.04715482145547867
676,3,0.857011616230011,7.0,0.11550864577293396,4.0,0.012700976803898811
677,3,0.8350134491920471,7.0,0.10649807751178741,5.0,0.03239760175347328
678,3,0.8486904501914978,7.0,0.10485411435365677,5.0,0.03344196081161499
679,0,0.8852407932281494,7.0,0.08306017518043518,5.0,0.010935642756521702
680,1,0.6310209035873413,3.0,0.20296818017959595,5.0,0.09552688896656036
682,0,0.8088252544403076,5.0,0.15194712579250336,4.0,0.032947756350040436
683,0,0.9129912257194519,5.0,0.05360984057188034,7.0,0.020063960924744606
684,4,0.9772214889526367,,,,
687,5,0.5354315042495728,4.0,0.223746657371521,1.0,0.16382889449596405
694,5,0.47452473640441895,6.0,0.29613277316093445,9.0,0.2100662738084793
695,5,0.735115110874176,4.0,0.17870990931987762,6.0,0.06399984657764435
696,5,0.7757735252380371,9.0,0.10871051996946335,4.0,0.050936128944158554
699,3,0.7486139535903931,7.0,0.13717645406723022,5.0,0.05868426337838173
700,0,0.6585400700569153,5.0,0.22012390196323395,4.0,0.059261053800582886
701,5,0.8454166054725647,4.0,0.0945262610912323,6.0,0.05359414219856262
702,0,0.7309914827346802,3.0,0.12301623821258545,4.0,0.11668317764997482
703,0,0.833787202835083,1.0,0.07528391480445862,5.0,0.03167808800935745
704,0,0.6679782271385193,5.0,0.232228085398674,3.0,0.07546737045049667
706,5,0.8419559001922607,3.0,0.0646437481045723,6.0,0.054451920092105865
707,0,0.715700626373291,5.0,0.20614193379878998,3.0,0.04591996967792511
710,3,0.7456484436988831,7.0,0.13035450875759125,5.0,0.07919302582740784
711,5,0.40502139925956726,0.0,0.3960224390029907,3.0,0.10501275211572647
712,5,0.2830222547054291,4.0,0.24071238934993744,6.0,0.0840420350432396
717,3,0.6337947249412537,0.0,0.2366066575050354,5.0,0.04386739432811737
718,3,0.5653748512268066,5.0,0.26831531524658203,4.0,0.07810889184474945
719,0,0.546018660068512,5.0,0.36844462156295776,4.0,0.03772352263331413
720,1,0.4492233395576477,7.0,0.16514691710472107,5.0,0.16101403534412384
721,3,0.4655980169773102,4.0,0.27317652106285095,1.0,0.1538795679807663
722,0,0.752887487411499,4.0,0.12135905772447586,5.0,0.07533332705497742
723,5,0.7900194525718689,4.0,0.16898545622825623,6.0,0.02652127668261528
724,5,0.7344191670417786,6.0,0.15687233209609985,4.0,0.08276595175266266
725,4,0.9367577433586121,0.0,0.025822844356298447,6.0,0.015439149923622608
726,4,0.5225017666816711,6.0,0.1576678603887558,9.0,0.15549297630786896
727,9,0.855341911315918,3.0,0.08843941241502762,4.0,0.025622066110372543
728,5,0.6770818829536438,6.0,0.25040140748023987,3.0,0.037927016615867615
729,5,0.7640284895896912,6.0,0.12037882208824158,4.0,0.05704493448138237
732,4,0.9659090042114258,1.0,0.011813822202384472,,
733,5,0.4671493172645569,4.0,0.3179054260253906,6.0,0.16009089350700378
734,5,0.8251109719276428,4.0,0.16140227019786835,,
737,3,0.7547141909599304,5.0,0.1337108016014099,7.0,0.07503508776426315
738,3,0.7906326055526733,5.0,0.09817657619714737,7.0,0.09066767245531082
739,0,0.7056110501289368,5.0,0.13654692471027374,4.0,0.05143554136157036
741,5,0.8403376340866089,6.0,0.0974755734205246,4.0,0.03541317954659462
744,5,0.7140988707542419,6.0,0.1679241955280304,4.0,0.05436653271317482
745,4,0.7388206720352173,5.0,0.1296139806509018,1.0,0.05391811951994896
752,1,0.337015837430954,4.0,0.25784021615982056,6.0,0.2268199324607849
754,3,0.814596951007843,7.0,0.11102904379367828,0.0,0.0526784248650074
755,1,0.544283926486969,3.0,0.2614840269088745,5.0,0.10644339770078659
756,0,0.6946168541908264,5.0,0.240011066198349,3.0,0.025692950934171677
757,0,0.5738135576248169,5.0,0.35714098811149597,4.0,0.06138956546783447
758,0,0.7609477639198303,5.0,0.21458081901073456,4.0,0.019367188215255737
760,5,0.8176751136779785,6.0,0.13781049847602844,9.0,0.03042067028582096
762,5,0.7847006320953369,4.0,0.13156573474407196,1.0,0.05686873197555542
764,3,0.6273130178451538,5.0,0.2702457308769226,7.0,0.05341252684593201
765,5,0.2830222547054291,4.0,0.24071238934993744,6.0,0.0840420350432396
766,5,0.2830222547054291,4.0,0.24071238934993744,6.0,0.0840420350432396
767,5,0.32403653860092163,7.0,0.26683661341667175,0.0,0.2625453770160675
769,5,0.24738124012947083,3.0,0.17839078605175018,2.0,0.16711176931858063
770,1,0.518294095993042,3.0,0.24717357754707336,5.0,0.16624796390533447
771,5,0.2830222547054291,4.0,0.24071238934993744,6.0,0.0840420350432396
773,5,0.2830222547054291,4.0,0.24071238934993744,6.0,0.0840420350432396
774,8,0.4656932055950165,5.0,0.1935397982597351,0.0,0.18678656220436096
775,9,0.8879488110542297,4.0,0.07000027596950531,6.0,0.01787928119301796
777,6,0.6401729583740234,5.0,0.3255355656147003,3.0,0.020394666120409966
778,5,0.5122740268707275,9.0,0.16960622370243073,3.0,0.1576613336801529
779,5,0.5165119171142578,1.0,0.2929481863975525,4.0,0.10150911659002304
780,5,0.41594842076301575,4.0,0.4108389914035797,3.0,0.06490963697433472
781,9,0.966941773891449,5.0,0.010163177736103535,,
782,0,0.5496553778648376,5.0,0.4292823374271393,7.0,0.01191591378301382
784,0,0.6886710524559021,5.0,0.3046790659427643,,
785,5,0.7945857644081116,3.0,0.0700126588344574,4.0,0.06057504937052727
788,3,0.7913443446159363,7.0,0.15531276166439056,5.0,0.0261156614869833
789,3,0.7301162481307983,7.0,0.12315476685762405,5.0,0.07081983238458633
790,7,0.46204736828804016,4.0,0.29462116956710815,5.0,0.10742194205522537
791,0,0.40142831206321716,7.0,0.22653695940971375,3.0,0.13490620255470276
792,1,0.5062578320503235,3.0,0.3504175543785095,5.0,0.11983701586723328
793,0,0.7452143430709839,3.0,0.09979793429374695,5.0,0.05517009273171425
795,5,0.5189213156700134,1.0,0.2934087812900543,9.0,0.08948826789855957
797,9,0.258987694978714,5.0,0.24653570353984833,3.0,0.23832853138446808
798,9,0.9680845141410828,2.0,0.012333158403635025,,
800,0,0.7756193280220032,5.0,0.20029249787330627,3.0,0.014926283620297909
804,3,0.5293455719947815,1.0,0.2319502979516983,5.0,0.1488572508096695
805,5,0.2830222547054291,4.0,0.24071238934993744,6.0,0.0840420350432396
806,3,0.5911237597465515,1.0,0.17635853588581085,5.0,0.10798609256744385
807,0,0.859749972820282,7.0,0.06310117244720459,5.0,0.060385312885046005
808,0,0.6805004477500916,5.0,0.21295401453971863,3.0,0.05726608633995056
809,0,0.5156749486923218,5.0,0.3202321231365204,7.0,0.05348488315939903
810,6,0.6401734352111816,5.0,0.3255367875099182,3.0,0.02039463259279728
811,4,0.7323210835456848,5.0,0.12668994069099426,0.0,0.11140751838684082
816,3,0.8699445724487305,7.0,0.08171472698450089,5.0,0.037482552230358124
817,3,0.7766885757446289,5.0,0.10005730390548706,7.0,0.0967106819152832
818,3,0.7374087572097778,5.0,0.13644477725028992,7.0,0.0984637439250946
819,3,0.8568063378334045,7.0,0.07858133316040039,5.0,0.04992586001753807
820,4,0.4435059130191803,5.0,0.387866735458374,2.0,0.12701846659183502
821,3,0.7836620211601257,7.0,0.12838317453861237,9.0,0.041602082550525665
823,0,0.6421417593955994,5.0,0.2890445291996002,3.0,0.05734146013855934
845,0,0.7189546227455139,5.0,0.17036406695842743,7.0,0.046246111392974854
847,9,0.962294340133667,6.0,0.015859277918934822,,
824,0,0.7317716479301453,5.0,0.18185846507549286,4.0,0.03515542298555374
825,5,0.737952470779419,0.0,0.12876687943935394,3.0,0.07175441086292267
826,1,0.5432469844818115,3.0,0.21775494515895844,5.0,0.14413216710090637
827,4,0.8305168747901917,0.0,0.07846464961767197,1.0,0.06499933451414108
828,1,0.5365046858787537,3.0,0.24276317656040192,5.0,0.1206718161702156
829,1,0.5927670001983643,3.0,0.35376685857772827,5.0,0.024822048842906952
830,1,0.5046268105506897,3.0,0.3285282552242279,5.0,0.09984473139047623
831,5,0.3419088125228882,0.0,0.3357585370540619,7.0,0.19429737329483032
833,4,0.7835022807121277,5.0,0.18223007023334503,0.0,0.026198219507932663
835,5,0.8048509955406189,4.0,0.10029194504022598,6.0,0.048445314168930054
836,5,0.8110412359237671,4.0,0.15649229288101196,1.0,0.014754917472600937
837,0,0.9574159383773804,5.0,0.013399188406765461,4.0,0.011501363478600979
838,5,0.9217066168785095,0.0,0.034509360790252686,3.0,0.03130948916077614
839,4,0.3538375496864319,5.0,0.2640284299850464,9.0,0.17818735539913177
840,4,0.7040363550186157,5.0,0.19411826133728027,1.0,0.0729714035987854
841,4,0.40952831506729126,8.0,0.269138902425766,2.0,0.07343309372663498
842,9,0.9525540471076965,6.0,0.013723384588956833,2.0,0.013206453993916512
843,9,0.9295594096183777,4.0,0.04899510368704796,,
844,9,0.9619520902633667,5.0,0.021191492676734924,,
848,4,0.6491063833236694,9.0,0.20341655611991882,5.0,0.10451921075582504
849,9,0.916996955871582,4.0,0.03426795452833176,6.0,0.020203150808811188
851,4,0.5425547361373901,5.0,0.4185698926448822,3.0,0.025470810011029243
852,5,0.3273017108440399,4.0,0.31553760170936584,1.0,0.1495964229106903
853,4,0.5348002314567566,5.0,0.3845931887626648,0.0,0.07350194454193115
855,9,0.9050267934799194,6.0,0.02700418047606945,2.0,0.02019651047885418
856,5,0.5228813886642456,4.0,0.16281156241893768,6.0,0.09027298539876938
857,4,0.9265178442001343,5.0,0.028601013123989105,9.0,0.021770259365439415
861,3,0.8157144784927368,7.0,0.12766297161579132,5.0,0.04947531223297119
862,3,0.8279316425323486,7.0,0.11540491133928299,5.0,0.04209154099225998
863,3,0.8747258186340332,7.0,0.09835630655288696,5.0,0.019426623359322548
864,5,0.6888405084609985,0.0,0.21844135224819183,3.0,0.0633896216750145
865,0,0.8172339797019958,5.0,0.11492984741926193,3.0,0.036658260971307755
866,0,0.5852700471878052,5.0,0.35518255829811096,9.0,0.04370611533522606
867,1,0.5687437653541565,3.0,0.22442619502544403,5.0,0.14812161028385162
868,1,0.6029547452926636,3.0,0.27982571721076965,5.0,0.10409411042928696
869,1,0.5604455471038818,3.0,0.2679096758365631,5.0,0.12143556773662567
870,4,0.7839975953102112,5.0,0.15635451674461365,0.0,0.02673446387052536
871,5,0.691814661026001,0.0,0.1330162137746811,6.0,0.11783433705568314
872,5,0.4107896685600281,8.0,0.3212422728538513,3.0,0.09373486787080765
873,5,0.6932080984115601,6.0,0.16212192177772522,4.0,0.0707157775759697
874,9,0.8114315867424011,1.0,0.13876990973949432,2.0,0.02683635987341404
875,9,0.8427619934082031,4.0,0.08013005554676056,5.0,0.053473927080631256
981,5,0.775890588760376,9.0,0.10875672101974487,4.0,0.050772931426763535
982,5,0.654945433139801,4.0,0.21514447033405304,9.0,0.09233065694570541
983,4,0.8041783571243286,5.0,0.15482857823371887,0.0,0.03273244574666023
876,0,0.6339600682258606,5.0,0.11683794111013412,4.0,0.09464320540428162
877,6,0.6669163107872009,5.0,0.315024197101593,,
878,0,0.3034675419330597,8.0,0.26184409856796265,4.0,0.17945104837417603
879,5,0.5490632057189941,1.0,0.26931288838386536,4.0,0.08381098508834839
883,3,0.5234663486480713,7.0,0.25448086857795715,5.0,0.11998722702264786
884,3,0.6823394298553467,0.0,0.09460768103599548,7.0,0.07504153996706009
885,3,0.5742459893226624,5.0,0.29777029156684875,7.0,0.07199903577566147
886,5,0.3392421305179596,0.0,0.29352235794067383,3.0,0.1879466325044632
887,0,0.7620202302932739,5.0,0.07982686161994934,7.0,0.047922831028699875
888,3,0.504316508769989,1.0,0.2500784993171692,5.0,0.2032151073217392
890,5,0.314313143491745,3.0,0.26247069239616394,1.0,0.2306661456823349
891,0,0.4974307417869568,5.0,0.295276015996933,9.0,0.06925518065690994
892,4,0.6815149784088135,5.0,0.22095046937465668,0.0,0.09140635281801224
893,5,0.7623816132545471,0.0,0.0815679058432579,4.0,0.058892350643873215
894,6,0.8238991498947144,2.0,0.13483430445194244,4.0,0.027656571939587593
895,4,0.9505906701087952,5.0,0.04213862493634224,,
896,4,0.8936227560043335,5.0,0.07896266877651215,7.0,0.017422471195459366
897,8,0.31616491079330444,5.0,0.28983357548713684,4.0,0.15193533897399902
898,4,0.7604931592941284,5.0,0.16712060570716858,0.0,0.06577648222446442
899,5,0.7372146844863892,4.0,0.17809490859508514,1.0,0.04211088642477989
900,9,0.9748827219009399,,,,
984,9,0.9646580815315247,2.0,0.01338136289268732,,
901,8,0.29530858993530273,4.0,0.2836492359638214,5.0,0.17978061735630035
902,5,0.685140073299408,4.0,0.16386578977108002,0.0,0.09681839495897293
903,5,0.479726642370224,1.0,0.32892489433288574,9.0,0.09262401610612869
904,4,0.5516951680183411,0.0,0.31088295578956604,5.0,0.0604826994240284
905,0,0.9568594694137573,5.0,0.014063680544495583,4.0,0.0116836903616786
906,5,0.7140547633171082,4.0,0.1126195415854454,3.0,0.08758380264043808
907,4,0.666324257850647,1.0,0.20574171841144562,9.0,0.0775013193488121
908,4,0.7099798321723938,5.0,0.17897889018058777,3.0,0.04511766508221626
909,4,0.9618528485298157,2.0,0.016376590356230736,7.0,0.010631863959133625
911,5,0.8342360854148865,4.0,0.11900196224451065,6.0,0.03204574063420296
912,4,0.9044670462608337,5.0,0.03869478777050972,3.0,0.02668839693069458
914,6,0.8101435899734497,2.0,0.07082369923591614,5.0,0.03932515159249306
915,4,0.7819516658782959,5.0,0.15376481413841248,0.0,0.027704952284693718
916,5,0.6279860734939575,4.0,0.20721913874149323,6.0,0.0923614650964737
917,6,0.8825368881225586,5.0,0.0414356030523777,4.0,0.0386984720826149
918,9,0.9416617155075073,7.0,0.017851654440164566,6.0,0.017135553061962128
919,9,0.8731369376182556,4.0,0.06884308904409409,6.0,0.01710294373333454
920,5,0.3604566752910614,4.0,0.3114430010318756,1.0,0.2576311528682709
921,9,0.4255129396915436,5.0,0.24918878078460693,4.0,0.14503023028373718
986,4,0.9472898840904236,8.0,0.01984097994863987,2.0,0.013514898717403412
987,5,0.8303384780883789,9.0,0.053913988173007965,4.0,0.04169609025120735
988,5,0.8686662912368774,4.0,0.09615306556224823,0.0,0.016532741487026215
922,6,0.8775193095207214,5.0,0.0391390435397625,4.0,0.03232685476541519
924,4,0.8489211797714233,5.0,0.13208022713661194,,
925,5,0.47049635648727417,6.0,0.4246857464313507,3.0,0.06570930033922195
927,9,0.9614810943603516,2.0,0.015058619901537895,,
929,4,0.8120505809783936,9.0,0.1565806120634079,5.0,0.013828531838953495
930,5,0.4964211583137512,1.0,0.23642344772815704,4.0,0.16656355559825897
931,5,0.5485909581184387,6.0,0.3298582434654236,0.0,0.04081672430038452
933,6,0.7373979091644287,5.0,0.1476595103740692,4.0,0.10894187539815903
934,1,0.5212491154670715,9.0,0.2732146978378296,4.0,0.11791212111711502
935,5,0.48791420459747314,1.0,0.32805246114730835,4.0,0.08430629968643188
937,4,0.9414708018302917,0.0,0.03269931674003601,5.0,0.01213746890425682
938,5,0.5733250379562378,1.0,0.20396003127098083,4.0,0.1405399590730667
939,5,0.7188866138458252,4.0,0.21647092700004578,0.0,0.029386067762970924
940,9,0.9626613259315491,2.0,0.014295773580670357,,
941,9,0.9753150939941406,,,,
942,5,0.7053912878036499,2.0,0.15893517434597015,4.0,0.07430130988359451
943,5,0.4096077084541321,1.0,0.2750754654407501,4.0,0.23651647567749023
944,9,0.9312663674354553,5.0,0.020511601120233536,0.0,0.01783706061542034
945,4,0.7526397109031677,5.0,0.13410218060016632,0.0,0.04077065363526344
946,9,0.9395902752876282,2.0,0.016305724158883095,1.0,0.013746876269578934
947,4,0.8918765187263489,5.0,0.08238543570041656,7.0,0.01704372838139534
948,5,0.3699195683002472,8.0,0.3356761932373047,4.0,0.14740747213363647
949,5,0.6404805779457092,4.0,0.26235735416412354,3.0,0.0916668027639389
950,4,0.5820187926292419,5.0,0.3133702874183655,0.0,0.06453413516283035
951,9,0.97439044713974,,,,
952,5,0.287674218416214,9.0,0.2557416558265686,4.0,0.19579142332077026
953,6,0.8775287866592407,5.0,0.03913025185465813,4.0,0.03232622891664505
954,9,0.9367038607597351,4.0,0.046974945813417435,,
955,5,0.4932464361190796,4.0,0.47551459074020386,1.0,0.010570120997726917
957,4,0.4835735261440277,5.0,0.3974127173423767,6.0,0.055487457662820816
958,4,0.4701443016529083,8.0,0.33879271149635315,2.0,0.053183190524578094
959,4,0.5731227993965149,5.0,0.40294113755226135,6.0,0.021871861070394516
960,9,0.9515249729156494,5.0,0.019112201407551765,2.0,0.014014370739459991
961,5,0.47310224175453186,1.0,0.3299967646598816,9.0,0.0833742544054985
962,1,0.5484746098518372,9.0,0.3417629599571228,3.0,0.04026738926768303
963,4,0.40146300196647644,5.0,0.27139952778816223,9.0,0.19444549083709717
964,9,0.9388172626495361,2.0,0.026643643155694008,6.0,0.01453566923737526
965,4,0.8791199922561646,5.0,0.04825860634446144,9.0,0.029509490355849266
968,3,0.8290459513664246,7.0,0.1005835011601448,5.0,0.051886457949876785
969,3,0.8165683746337891,7.0,0.12917473912239075,5.0,0.01857176050543785
971,5,0.5557271838188171,0.0,0.42319005727767944,6.0,0.014701848849654198
973,0,0.6540801525115967,5.0,0.3161296248435974,6.0,0.02130274288356304
975,1,0.3184780478477478,5.0,0.2246059775352478,4.0,0.2172011435031891
977,3,0.741779088973999,7.0,0.13177503645420074,5.0,0.08004849404096603
978,0,0.5340454578399658,5.0,0.3895127475261688,3.0,0.024387387558817863
979,1,0.6111029982566833,3.0,0.21732240915298462,5.0,0.09720083326101303
980,0,0.5695146322250366,5.0,0.33580446243286133,7.0,0.02743631973862648
989,9,0.9259885549545288,3.0,0.026137376204133034,5.0,0.01275681797415018
990,6,0.6651231646537781,5.0,0.16443410515785217,2.0,0.06790987402200699
991,5,0.4235965311527252,1.0,0.3337353467941284,9.0,0.12531712651252747
992,4,0.889150857925415,5.0,0.040784791111946106,9.0,0.028835942968726158
993,4,0.8645603060722351,5.0,0.09877727180719376,0.0,0.028049606829881668
994,5,0.663929283618927,9.0,0.19040720164775848,0.0,0.11060018092393875
995,4,0.8309179544448853,5.0,0.07738636434078217,7.0,0.04813951626420021
996,4,0.7961992621421814,5.0,0.19653481245040894,,
997,5,0.3363100290298462,1.0,0.2663525938987732,4.0,0.2638576924800873
998,5,0.3510798215866089,1.0,0.29952767491340637,4.0,0.2481713593006134
1001,4,0.5494670867919922,8.0,0.19712336361408234,5.0,0.09445299953222275
1002,4,0.5255929827690125,5.0,0.29422780871391296,9.0,0.15605293214321136
1003,1,0.3914792835712433,4.0,0.22183193266391754,5.0,0.20907755196094513
1004,4,0.6303643584251404,5.0,0.15487048029899597,6.0,0.12072667479515076
1005,1,0.3946610391139984,4.0,0.31220000982284546,9.0,0.12261542677879333
1006,4,0.3787122368812561,1.0,0.33402130007743835,5.0,0.10304214060306549
1008,5,0.6885414123535156,4.0,0.179660364985466,1.0,0.09063294529914856
1009,5,0.46989187598228455,1.0,0.30148860812187195,4.0,0.11923737078905106
1010,5,0.6677355766296387,4.0,0.23144398629665375,0.0,0.06418240070343018
1011,4,0.7735249996185303,5.0,0.11912541091442108,9.0,0.06940703839063644
1012,5,0.8350085616111755,4.0,0.08511441946029663,3.0,0.03499840572476387
1013,5,0.9155371189117432,4.0,0.050217390060424805,9.0,0.022943144664168358
1014,5,0.6899378895759583,4.0,0.17805592715740204,0.0,0.10094809532165527
1015,4,0.3279477655887604,6.0,0.32456275820732117,9.0,0.11004167050123215
1016,5,0.499734491109848,4.0,0.3518611490726471,8.0,0.07514843344688416
1017,5,0.6290890574455261,9.0,0.16251297295093536,4.0,0.05863559618592262
1019,3,0.8498296737670898,7.0,0.1216607615351677,5.0,0.014659402891993523
1020,0,0.5942067503929138,5.0,0.39676177501678467,,
1021,1,0.6072322130203247,3.0,0.2200476974248886,5.0,0.13170219957828522
1022,0,0.6991668939590454,5.0,0.24710437655448914,6.0,0.018131788820028305
1023,5,0.7626083493232727,4.0,0.1745668202638626,0.0,0.045136332511901855
1024,4,0.8278898000717163,5.0,0.06559260189533234,0.0,0.054862130433321
1025,5,0.9302926063537598,4.0,0.03942354395985603,6.0,0.0144169507548213
1026,5,0.5216759443283081,4.0,0.36920464038848877,3.0,0.051189716905355453
1027,6,0.6232198476791382,4.0,0.10321509093046188,5.0,0.0983310416340828
1032,0,0.5303256511688232,5.0,0.14098191261291504,4.0,0.13474568724632263
1033,5,0.5141217112541199,0.0,0.2903151214122772,4.0,0.08526182919740677
1034,4,0.699266254901886,5.0,0.11306673288345337,6.0,0.03302834555506706
1035,5,0.4861646592617035,4.0,0.46797508001327515,0.0,0.02862405776977539
1036,5,0.600572943687439,1.0,0.16243566572666168,4.0,0.08231723308563232
1037,3,0.518502950668335,5.0,0.2605700194835663,4.0,0.08819122612476349
1038,0,0.7419559359550476,5.0,0.07962249219417572,4.0,0.06981533765792847
1039,0,0.4038589596748352,4.0,0.2569109797477722,5.0,0.15643002092838287
1040,0,0.5166466236114502,1.0,0.21720848977565765,4.0,0.1610121876001358
1041,3,0.3607825040817261,1.0,0.25381872057914734,5.0,0.20198701322078705
1075,5,0.2830222547054291,4.0,0.24071238934993744,6.0,0.0840420350432396
1042,5,0.2830222547054291,4.0,0.24071238934993744,6.0,0.0840420350432396
1043,5,0.4290139675140381,4.0,0.24652934074401855,1.0,0.18362995982170105
1045,0,0.7159990668296814,5.0,0.24810639023780823,4.0,0.014683098532259464
1046,0,0.5224798321723938,3.0,0.2599400579929352,5.0,0.17177814245224
1047,0,0.3494211733341217,3.0,0.275949090719223,5.0,0.2294621616601944
1048,5,0.4396322965621948,7.0,0.355753093957901,4.0,0.14221793413162231
1049,4,0.5022978782653809,5.0,0.24978940188884735,8.0,0.16575461626052856
1050,6,0.8450520634651184,5.0,0.05963557958602905,3.0,0.03403390571475029
1051,4,0.5592843890190125,3.0,0.12130871415138245,5.0,0.10803824663162231
1052,5,0.8068051934242249,4.0,0.0946173369884491,3.0,0.03402946889400482
1053,4,0.6540891528129578,5.0,0.24868902564048767,6.0,0.06826432049274445
1054,4,0.8071259260177612,5.0,0.15873314440250397,6.0,0.02320644073188305
1055,6,0.8467742204666138,5.0,0.08840202540159225,4.0,0.018856048583984375
1056,1,0.42136621475219727,4.0,0.20939651131629944,9.0,0.2069498896598816
1057,1,0.43430817127227783,4.0,0.4018142521381378,5.0,0.07898440212011337
1059,4,0.37788596749305725,6.0,0.2272402048110962,2.0,0.17034241557121277
1060,5,0.6762344837188721,4.0,0.1190408393740654,3.0,0.07015927135944366
1061,6,0.459669291973114,5.0,0.28140169382095337,4.0,0.23841814696788788
1062,4,0.37509140372276306,0.0,0.2382465898990631,8.0,0.23783203959465027
1063,4,0.6977849006652832,5.0,0.2769094407558441,0.0,0.01167672872543335
1064,5,0.7364736795425415,4.0,0.1436867117881775,1.0,0.08380754292011261
1065,4,0.7426214218139648,5.0,0.21331602334976196,3.0,0.021386664360761642
1066,9,0.8511295914649963,4.0,0.09166445583105087,0.0,0.027200425043702126
1067,6,0.6638924479484558,5.0,0.19168159365653992,1.0,0.07032076269388199
1068,5,0.5425876379013062,9.0,0.17148390412330627,4.0,0.13933143019676208
1070,6,0.7536854147911072,0.0,0.11461625248193741,5.0,0.1040436178445816
1071,1,0.5633296370506287,4.0,0.19156308472156525,9.0,0.18469877541065216
1072,4,0.8319339752197266,5.0,0.12655673921108246,6.0,0.029172565788030624
1076,3,0.4303341209888458,5.0,0.3080238401889801,4.0,0.10273127257823944
1077,0,0.6875067353248596,5.0,0.17336109280586243,4.0,0.054658569395542145
1078,5,0.2830222547054291,4.0,0.24071238934993744,6.0,0.0840420350432396
1079,1,0.5155478119850159,3.0,0.16766977310180664,0.0,0.12244062125682831
1082,4,0.5335382223129272,1.0,0.2470061331987381,5.0,0.0837462767958641
1083,5,0.6102867722511292,4.0,0.29776522517204285,6.0,0.04075067117810249
1087,3,0.6717479825019836,5.0,0.18263140320777893,7.0,0.10769146680831909
1088,3,0.7182291150093079,5.0,0.12365853786468506,7.0,0.09626229852437973
1090,3,0.525834858417511,1.0,0.29531824588775635,0.0,0.09173882007598877
1091,1,0.4647873640060425,3.0,0.436163991689682,5.0,0.0781530886888504
1092,4,0.9349844455718994,5.0,0.050449177622795105,,
1093,4,0.28662118315696716,1.0,0.21116645634174347,8.0,0.2082890123128891
1094,5,0.4401702582836151,1.0,0.32889530062675476,4.0,0.1039322093129158
1095,4,0.7639379501342773,5.0,0.1606816202402115,6.0,0.042886167764663696
1096,1,0.5120672583580017,4.0,0.29776784777641296,9.0,0.14079630374908447
1097,4,0.9539516568183899,5.0,0.027843354269862175,,
1098,9,0.9514143466949463,6.0,0.017299532890319824,2.0,0.012711740098893642
1099,4,0.6945481300354004,2.0,0.2756725251674652,5.0,0.014608378522098064
1100,9,0.809475839138031,2.0,0.1593330204486847,5.0,0.017130162566900253
1101,4,0.6569878458976746,5.0,0.22978320717811584,1.0,0.02980629727244377
1102,5,0.4291403293609619,4.0,0.31672802567481995,1.0,0.21443165838718414
1103,1,0.4486166834831238,4.0,0.2908395528793335,9.0,0.09898058325052261
1104,4,0.9566928148269653,9.0,0.022003229707479477,5.0,0.01025935634970665
1105,1,0.7489499449729919,4.0,0.1103392019867897,5.0,0.08888818323612213
1106,4,0.9333982467651367,1.0,0.04576075077056885,5.0,0.011011142283678055
1107,1,0.5617303848266602,8.0,0.18105433881282806,4.0,0.09577344357967377
1108,4,0.6672899127006531,5.0,0.3084977865219116,6.0,0.018458805978298187
1109,4,0.9144344925880432,9.0,0.042844727635383606,1.0,0.026887208223342896
1110,4,0.9237822890281677,5.0,0.029693199321627617,,
1111,5,0.7349768280982971,4.0,0.16610747575759888,3.0,0.043422095477581024
1112,5,0.5688660740852356,4.0,0.33540311455726624,9.0,0.032092683017253876
1113,9,0.9590620398521423,2.0,0.015980709344148636,,
1114,4,0.8308122158050537,5.0,0.1588297337293625,,
1115,5,0.5372964143753052,4.0,0.4177418649196625,3.0,0.037966884672641754
1116,9,0.9645108580589294,2.0,0.0135568268597126,,
1117,9,0.5258772373199463,1.0,0.21839924156665802,2.0,0.07467082887887955
1118,5,0.5803903341293335,4.0,0.2502578794956207,0.0,0.15489338338375092
1119,6,0.8889285326004028,5.0,0.03419366851449013,4.0,0.031883832067251205
1120,6,0.8554571866989136,5.0,0.08122514933347702,0.0,0.05567552149295807
1121,4,0.8727681040763855,5.0,0.06851145625114441,7.0,0.02595733478665352
1122,4,0.9309110641479492,0.0,0.0471242293715477,,
1123,4,0.6628691554069519,5.0,0.2153504490852356,6.0,0.09049233794212341
1124,9,0.9444600939750671,5.0,0.02157377265393734,2.0,0.015837877988815308
1125,4,0.6150322556495667,0.0,0.16688305139541626,5.0,0.14614680409431458
1126,5,0.643828272819519,3.0,0.20171001553535461,9.0,0.07358168065547943
1127,9,0.9626640677452087,2.0,0.014220465905964375,,
1128,5,0.7081682682037354,4.0,0.1674705147743225,7.0,0.056790824979543686
1129,5,0.6680230498313904,4.0,0.12900115549564362,3.0,0.08032417297363281
1130,6,0.7810879349708557,5.0,0.1278153508901596,3.0,0.05714289844036102
1131,4,0.5955119729042053,1.0,0.2672935128211975,5.0,0.0777878686785698
1132,9,0.9596543908119202,2.0,0.015503520146012306,,
1133,1,0.36437857151031494,5.0,0.34491804242134094,9.0,0.13400983810424805
1134,5,0.6190786361694336,4.0,0.16141466796398163,6.0,0.10392484813928604
1135,4,0.8086065053939819,5.0,0.07471396774053574,9.0,0.03672773018479347
1136,4,0.976826012134552,,,,
1137,9,0.9415299296379089,4.0,0.026419101282954216,2.0,0.01497757900506258
1138,9,0.9275802373886108,5.0,0.04409081116318703,2.0,0.013250366784632206
1139,4,0.8313482403755188,5.0,0.14673373103141785,2.0,0.011981843039393425
1141,5,0.5284647941589355,6.0,0.3469807207584381,3.0,0.09912901371717453
1142,4,0.9036480784416199,5.0,0.03809363394975662,6.0,0.010262531228363514
1143,4,0.8267615437507629,5.0,0.06931067258119583,6.0,0.034275978803634644
1144,9,0.9613344669342041,2.0,0.015057413838803768,,
1145,5,0.6996674537658691,4.0,0.14562638103961945,9.0,0.07916143536567688
1146,1,0.41245967149734497,5.0,0.2955980896949768,4.0,0.18300259113311768
1147,5,0.5919203758239746,4.0,0.3197125196456909,0.0,0.05616509169340134
1148,8,0.402838796377182,0.0,0.2559640407562256,4.0,0.24390357732772827
1149,9,0.5772731304168701,4.0,0.3022017776966095,6.0,0.0786040648818016
1150,5,0.3970959186553955,4.0,0.2029200792312622,1.0,0.16924169659614563
1151,1,0.30691298842430115,4.0,0.29399970173835754,5.0,0.25847259163856506
1152,9,0.9579458832740784,1.0,0.017765959724783897,,
1153,1,0.6079698204994202,4.0,0.1510412096977234,5.0,0.07919208705425262
1154,6,0.47293826937675476,4.0,0.41320985555648804,5.0,0.06190779060125351
1155,6,0.5912415981292725,4.0,0.12626147270202637,5.0,0.11933114379644394
1156,4,0.7779602408409119,5.0,0.16235938668251038,0.0,0.02100030705332756
1157,4,0.705723762512207,1.0,0.13530011475086212,5.0,0.06730475276708603
1209,3,0.7971820831298828,7.0,0.158471018075943,5.0,0.031318191438913345
1158,0,0.39339199662208557,2.0,0.21478116512298584,8.0,0.16843408346176147
1159,5,0.803320050239563,4.0,0.14340656995773315,9.0,0.0242464579641819
1160,4,0.9422117471694946,9.0,0.03396778181195259,5.0,0.010729017667472363
1161,4,0.8420869708061218,5.0,0.06470660120248795,6.0,0.016447609290480614
1162,1,0.40449294447898865,9.0,0.22249241173267365,4.0,0.20377057790756226
1163,8,0.3335760533809662,4.0,0.29992055892944336,5.0,0.15396441519260406
1164,4,0.9027966856956482,5.0,0.06644145399332047,9.0,0.02414730377495289
1165,1,0.7247791886329651,4.0,0.08854366093873978,9.0,0.08086513727903366
1166,4,0.8473805785179138,5.0,0.11909367889165878,8.0,0.013008897192776203
1167,4,0.7256994843482971,5.0,0.2681911587715149,,
1168,5,0.3836430609226227,4.0,0.27164575457572937,1.0,0.2254159301519394
1169,5,0.45739078521728516,6.0,0.2116900533437729,4.0,0.15417350828647614
1170,4,0.745147168636322,5.0,0.20298150181770325,6.0,0.030237536877393723
1175,6,0.8392617106437683,5.0,0.06627923250198364,4.0,0.06134696304798126
1177,1,0.6530388593673706,9.0,0.16605915129184723,4.0,0.13050083816051483
1178,6,0.636734664440155,5.0,0.3203571140766144,3.0,0.019278956577181816
1210,3,0.8174552321434021,7.0,0.07525455951690674,0.0,0.06918796896934509
1502,6,0.7510021328926086,5.0,0.12739238142967224,4.0,0.06501473486423492
1179,4,0.8616503477096558,5.0,0.08946045488119125,,
1180,4,0.8794350028038025,5.0,0.11024713516235352,,
1181,5,0.4309917092323303,1.0,0.34507936239242554,9.0,0.11037654429674149
1182,5,0.6688634157180786,4.0,0.1752541959285736,0.0,0.050018955022096634
1183,5,0.6112031936645508,9.0,0.2974820137023926,4.0,0.05661766603589058
1184,5,0.8248308300971985,4.0,0.07844050973653793,0.0,0.05894201993942261
1185,4,0.8531351685523987,9.0,0.06885458528995514,5.0,0.06372040510177612
1186,5,0.47060924768447876,1.0,0.2382180243730545,4.0,0.1610972285270691
1187,4,0.7697271704673767,0.0,0.0592062808573246,8.0,0.052947692573070526
1188,4,0.7606146931648254,5.0,0.09084408730268478,0.0,0.0737910196185112
1189,5,0.6370075345039368,4.0,0.2120506912469864,8.0,0.06494869291782379
1190,9,0.5498588681221008,4.0,0.31697899103164673,1.0,0.05748343840241432
1191,5,0.5458941459655762,4.0,0.2379073202610016,0.0,0.1553230881690979
1204,3,0.7062283754348755,5.0,0.13025237619876862,7.0,0.07317786663770676
1205,3,0.8830532431602478,5.0,0.059455495327711105,7.0,0.047038525342941284
1206,3,0.8488547205924988,5.0,0.07624761760234833,6.0,0.02790803648531437
1207,3,0.7938317060470581,5.0,0.07732515037059784,4.0,0.05665656551718712
1208,3,0.6689172387123108,5.0,0.18840771913528442,7.0,0.06372158229351044
1211,3,0.7411197423934937,7.0,0.10464383661746979,5.0,0.09666936844587326
1213,3,0.789889931678772,5.0,0.12634585797786713,4.0,0.06621628254652023
1214,3,0.9038057923316956,7.0,0.06933193653821945,,
1215,3,0.815100908279419,5.0,0.10715631395578384,7.0,0.0626378208398819
1216,5,0.6724730134010315,0.0,0.20392286777496338,4.0,0.04148724302649498
1217,0,0.44858992099761963,5.0,0.4322349429130554,2.0,0.04890700802206993
1218,0,0.49616262316703796,5.0,0.2630530595779419,7.0,0.12205863744020462
1219,1,0.811438262462616,4.0,0.08513514697551727,9.0,0.07686643302440643
1220,1,0.533255398273468,4.0,0.3645392954349518,5.0,0.03233499079942703
1221,0,0.31978365778923035,5.0,0.26892945170402527,3.0,0.2120925486087799
1223,1,0.46554455161094666,3.0,0.2544569671154022,5.0,0.1829756796360016
1224,1,0.4711874723434448,3.0,0.3897707164287567,5.0,0.07155374437570572
1225,1,0.615994930267334,3.0,0.2798379063606262,5.0,0.062008362263441086
1226,1,0.5148306488990784,3.0,0.24086667597293854,5.0,0.1246340200304985
1227,1,0.4334803521633148,3.0,0.37790849804878235,5.0,0.1578555405139923
1228,1,0.6973379850387573,5.0,0.16345176100730896,4.0,0.05523497238755226
1229,1,0.5376462340354919,3.0,0.3240402936935425,5.0,0.10723678022623062
1230,1,0.561612069606781,3.0,0.23608402907848358,5.0,0.116612508893013
1231,1,0.5426602363586426,3.0,0.34378528594970703,5.0,0.06524413824081421
1232,1,0.5771867036819458,3.0,0.18859568238258362,5.0,0.16681595146656036
1233,1,0.5133866667747498,3.0,0.30040407180786133,5.0,0.15443046391010284
1235,0,0.7401342988014221,5.0,0.21839778125286102,4.0,0.015970228239893913
1236,0,0.5333913564682007,5.0,0.2495037019252777,4.0,0.09165411442518234
1237,9,0.9631702899932861,2.0,0.014105024747550488,,
1238,5,0.7340831756591797,4.0,0.2180221825838089,3.0,0.03593241050839424
1239,5,0.523868203163147,1.0,0.2545201778411865,4.0,0.09852095693349838
1240,5,0.7139451503753662,4.0,0.1938837319612503,3.0,0.05248380824923515
1241,5,0.3531673550605774,1.0,0.24601884186267853,4.0,0.23918499052524567
1242,4,0.5982003211975098,5.0,0.22400644421577454,0.0,0.09753596782684326
1243,4,0.7110862731933594,0.0,0.22271759808063507,5.0,0.036689385771751404
1244,9,0.7158839106559753,4.0,0.20944993197917938,6.0,0.0513228178024292
1245,1,0.5331427454948425,5.0,0.20572972297668457,4.0,0.13909561932086945
1247,6,0.8102736473083496,2.0,0.07056950032711029,5.0,0.03936685994267464
1248,5,0.7470220327377319,4.0,0.17307281494140625,9.0,0.05022419989109039
1249,1,0.5953924059867859,9.0,0.31013718247413635,4.0,0.04670477285981178
1250,9,0.7942062020301819,4.0,0.13330544531345367,6.0,0.03787830471992493
1251,4,0.5273527503013611,5.0,0.26327770948410034,0.0,0.1289328634738922
1252,5,0.8127142190933228,4.0,0.09709833562374115,9.0,0.06949411332607269
1253,9,0.9265447854995728,4.0,0.02864808961749077,6.0,0.015415969304740429
1254,5,0.531719446182251,4.0,0.2744408845901489,9.0,0.0533452071249485
1255,6,0.8775285482406616,5.0,0.03913075476884842,4.0,0.032326020300388336
1256,5,0.6027428507804871,4.0,0.27966657280921936,7.0,0.05065867304801941
1257,5,0.5355576872825623,4.0,0.2859329879283905,9.0,0.12326648831367493
1259,5,0.5777890682220459,1.0,0.237002894282341,9.0,0.06913934648036957
1260,5,0.5310180187225342,1.0,0.21999596059322357,4.0,0.15471802651882172
1261,4,0.6606253981590271,5.0,0.18588227033615112,3.0,0.0706985741853714
1262,1,0.4301703870296478,4.0,0.34260085225105286,9.0,0.1701221913099289
1263,6,0.8615618944168091,5.0,0.042939990758895874,4.0,0.03660004213452339
1264,5,0.5592756867408752,4.0,0.2845069468021393,0.0,0.0675358697772026
1265,5,0.6243834495544434,2.0,0.14078335464000702,4.0,0.10197880119085312
1266,5,0.6279942393302917,1.0,0.23152457177639008,9.0,0.05849411338567734
1267,4,0.5801622867584229,5.0,0.33181309700012207,3.0,0.07156310975551605
1268,5,0.517608642578125,4.0,0.3158855140209198,8.0,0.06916160136461258
1269,4,0.7423757314682007,0.0,0.07721716165542603,6.0,0.04973617196083069
1270,8,0.36453747749328613,5.0,0.3497381806373596,9.0,0.14434100687503815
1271,5,0.5708550214767456,1.0,0.23448283970355988,4.0,0.10641177743673325
1272,5,0.6408872604370117,4.0,0.14886541664600372,2.0,0.10567881166934967
1273,6,0.7285112738609314,4.0,0.14347822964191437,7.0,0.08629807084798813
1274,9,0.3211306631565094,4.0,0.21701200306415558,5.0,0.2002762407064438
1275,5,0.606501579284668,4.0,0.30854687094688416,7.0,0.04340421035885811
1276,4,0.5207114815711975,5.0,0.43729323148727417,7.0,0.03002331592142582
1277,4,0.5076549053192139,8.0,0.22396732866764069,5.0,0.1618894338607788
1278,6,0.6546478271484375,5.0,0.214135080575943,3.0,0.04960906505584717
1280,6,0.6181440353393555,5.0,0.302249938249588,3.0,0.03228351101279259
1281,5,0.5910230278968811,4.0,0.2792755663394928,3.0,0.059888437390327454
1282,4,0.8942314386367798,5.0,0.08415646851062775,,
1283,5,0.5547058582305908,4.0,0.4341754615306854,,
1284,5,0.5015847086906433,4.0,0.30720531940460205,0.0,0.11226987838745117
1285,4,0.7888210415840149,9.0,0.06882646679878235,0.0,0.05357992276549339
1287,1,0.5155740976333618,5.0,0.28273072838783264,9.0,0.0852346420288086
1288,6,0.882577657699585,5.0,0.03648731857538223,4.0,0.033113036304712296
1289,4,0.6948539018630981,5.0,0.15122884511947632,0.0,0.07280196249485016
1290,5,0.789570689201355,4.0,0.16175885498523712,9.0,0.015965860337018967
1292,5,0.6954665184020996,4.0,0.2542888820171356,9.0,0.039329372346401215
1293,6,0.5258489847183228,5.0,0.165212944149971,3.0,0.11223997175693512
1294,5,0.3960018455982208,1.0,0.38330453634262085,4.0,0.10869278013706207
1295,4,0.6254222393035889,5.0,0.21398012340068817,9.0,0.08509260416030884
1296,5,0.3641948103904724,1.0,0.30950236320495605,4.0,0.2078380584716797
1297,5,0.427160382270813,4.0,0.2545420527458191,1.0,0.16977812349796295
1298,4,0.8183698058128357,5.0,0.08623799681663513,0.0,0.061408549547195435
1299,1,0.7061349153518677,9.0,0.11889870464801788,5.0,0.11110276728868484
1300,5,0.5436983108520508,4.0,0.27763673663139343,6.0,0.07812661677598953
1301,4,0.7021183967590332,5.0,0.23973654210567474,0.0,0.052253756672143936
1302,4,0.9242972135543823,5.0,0.029181543737649918,,
1303,1,0.6942408680915833,5.0,0.08092164248228073,0.0,0.07265111804008484
1304,5,0.8925707340240479,4.0,0.07863849401473999,,
1305,4,0.36386385560035706,3.0,0.2847110331058502,5.0,0.1514129936695099
1306,0,0.6335535645484924,5.0,0.19584904611110687,4.0,0.13119225203990936
1307,4,0.6024281978607178,6.0,0.20223574340343475,5.0,0.14358283579349518
1308,4,0.4767482578754425,5.0,0.2013135850429535,3.0,0.19756056368350983
1309,6,0.634275496006012,9.0,0.20900529623031616,3.0,0.056849271059036255
1310,6,0.5419440865516663,5.0,0.27489691972732544,4.0,0.16925173997879028
1312,4,0.7470495104789734,5.0,0.0968514233827591,6.0,0.027480261400341988
1313,4,0.6655978560447693,5.0,0.22863039374351501,9.0,0.057249099016189575
1314,1,0.545930802822113,4.0,0.13103432953357697,2.0,0.10329248011112213
1315,4,0.4142218232154846,5.0,0.3221910893917084,0.0,0.1253899186849594
1316,5,0.7734870910644531,4.0,0.13377173244953156,3.0,0.05047541856765747
1317,4,0.47415000200271606,5.0,0.3088807761669159,2.0,0.08558739721775055
1318,5,0.7416226863861084,4.0,0.22649109363555908,0.0,0.013653526082634926
1319,5,0.611825704574585,1.0,0.23758670687675476,4.0,0.09147565811872482
1320,4,0.9128661751747131,0.0,0.04112626239657402,5.0,0.04041536897420883
1321,9,0.814002513885498,4.0,0.09015963971614838,1.0,0.047905996441841125
1322,5,0.838704526424408,4.0,0.07808644324541092,3.0,0.056914813816547394
1323,5,0.5133101344108582,4.0,0.38781747221946716,6.0,0.08688999712467194
1324,1,0.3748520016670227,5.0,0.2138635665178299,4.0,0.17762823402881622
1325,5,0.37312692403793335,4.0,0.16195714473724365,3.0,0.1477602869272232
1326,4,0.5145244002342224,5.0,0.3596787750720978,6.0,0.09529280662536621
1327,6,0.7294397354125977,5.0,0.17620478570461273,9.0,0.0557410903275013
1329,4,0.6455142498016357,5.0,0.16908037662506104,9.0,0.08013986051082611
1330,0,0.5599561333656311,5.0,0.1837954819202423,2.0,0.10199742019176483
1331,0,0.3893796503543854,5.0,0.29419347643852234,4.0,0.19770801067352295
1332,0,0.5515501499176025,1.0,0.1201523020863533,5.0,0.11616740375757217
1333,0,0.6737830638885498,4.0,0.14748187363147736,5.0,0.07578381150960922
1334,1,0.4342249929904938,3.0,0.248071551322937,4.0,0.12365241348743439
1335,4,0.3686698079109192,1.0,0.30844154953956604,5.0,0.28532058000564575
1336,3,0.8158186674118042,7.0,0.143063023686409,5.0,0.016743648797273636
1337,3,0.8474466800689697,7.0,0.1242738738656044,5.0,0.012289862148463726
1338,3,0.8420719504356384,7.0,0.1302674412727356,0.0,0.011411333456635475
1339,0,0.699798047542572,4.0,0.23521405458450317,5.0,0.05914822965860367
1340,1,0.5754518508911133,3.0,0.23748694360256195,5.0,0.08454437553882599
1341,1,0.5694900751113892,3.0,0.2422126829624176,5.0,0.12927886843681335
1342,1,0.527604877948761,3.0,0.3011893630027771,5.0,0.10880725830793381
1343,5,0.4547960162162781,1.0,0.260528564453125,9.0,0.13751091063022614
1344,5,0.49643316864967346,4.0,0.2936464548110962,6.0,0.15913724899291992
1345,4,0.6961840391159058,5.0,0.1951959878206253,9.0,0.0638413205742836
1346,9,0.9022716879844666,5.0,0.05094257369637489,0.0,0.017153911292552948
1347,4,0.3642537593841553,5.0,0.32102108001708984,0.0,0.09220279008150101
1348,5,0.6227954626083374,4.0,0.24421504139900208,6.0,0.08498389273881912
1349,6,0.5950924158096313,5.0,0.1622709184885025,4.0,0.15068812668323517
1350,1,0.3722246289253235,5.0,0.3615055978298187,4.0,0.2182368040084839
1351,5,0.5152228474617004,4.0,0.28650718927383423,8.0,0.09645012766122818
1352,5,0.3999555706977844,4.0,0.38429608941078186,6.0,0.15566574037075043
1354,4,0.7123002409934998,5.0,0.24148280918598175,0.0,0.020785346627235413
1355,4,0.48734477162361145,1.0,0.36587172746658325,9.0,0.13323450088500977
1356,1,0.7089996933937073,4.0,0.16152791678905487,5.0,0.05014776811003685
1357,4,0.7824909687042236,1.0,0.12562525272369385,0.0,0.03699246048927307
1358,4,0.5411148071289062,5.0,0.3741395175457001,6.0,0.06100283935666084
1359,4,0.5231457352638245,5.0,0.306331068277359,6.0,0.0776362419128418
1360,9,0.7262267470359802,4.0,0.17682836949825287,6.0,0.060122959315776825
1361,5,0.8365532159805298,4.0,0.14817306399345398,3.0,0.012996169738471508
1362,4,0.7847155332565308,5.0,0.06280522793531418,8.0,0.05710407719016075
1364,5,0.510502815246582,4.0,0.23408210277557373,6.0,0.09197326004505157
1365,6,0.8331993222236633,2.0,0.06223899871110916,5.0,0.034344833344221115
1366,5,0.7615245580673218,4.0,0.22261987626552582,0.0,0.012565628625452518
1367,4,0.6408767700195312,5.0,0.15447494387626648,0.0,0.09309609234333038
1368,5,0.6263423562049866,4.0,0.2883644998073578,0.0,0.05416063591837883
1369,4,0.6453413963317871,5.0,0.21574465930461884,6.0,0.08799546957015991
1370,5,0.4150174856185913,4.0,0.25443142652511597,1.0,0.113617442548275
1372,3,0.7825505137443542,7.0,0.12326311320066452,5.0,0.08699161559343338
1373,5,0.28315606713294983,4.0,0.24083931744098663,6.0,0.08397801220417023
1374,5,0.2830222547054291,4.0,0.24071238934993744,6.0,0.0840420350432396
1375,1,0.532414436340332,3.0,0.2457088828086853,5.0,0.20617473125457764
1376,4,0.42833128571510315,5.0,0.3614046573638916,6.0,0.11506595462560654
1378,4,0.66435706615448,5.0,0.2535354793071747,0.0,0.05219798907637596
1379,4,0.7107639908790588,0.0,0.08834031224250793,5.0,0.08225611597299576
1382,5,0.439049631357193,1.0,0.2513371407985687,4.0,0.10051684826612473
1383,4,0.7637840509414673,5.0,0.21108315885066986,,
1384,4,0.7145322561264038,6.0,0.13365770876407623,5.0,0.07230185717344284
1385,5,0.6258270740509033,4.0,0.15724864602088928,3.0,0.15350818634033203
1387,4,0.9562916159629822,5.0,0.01717488281428814,,
1388,6,0.3122636377811432,4.0,0.2522449493408203,9.0,0.19611836969852448
1389,4,0.43041089177131653,5.0,0.3508903980255127,0.0,0.06919626146554947
1390,5,0.6923136711120605,4.0,0.2082115262746811,3.0,0.03331729397177696
1392,5,0.42173075675964355,3.0,0.18656103312969208,4.0,0.18438757956027985
1393,5,0.7582792043685913,4.0,0.1498143970966339,0.0,0.034970711916685104
1394,5,0.7335038185119629,4.0,0.16474603116512299,9.0,0.04747031629085541
1395,4,0.4898994565010071,5.0,0.16751375794410706,6.0,0.13389909267425537
1396,1,0.5990540385246277,4.0,0.23342609405517578,6.0,0.051975589245557785
1397,5,0.8150298595428467,4.0,0.0925493910908699,9.0,0.05234966054558754
1398,4,0.8987523913383484,2.0,0.06597450375556946,5.0,0.024347743019461632
1399,1,0.3802124559879303,4.0,0.2989354729652405,5.0,0.19981446862220764
1400,6,0.24807631969451904,4.0,0.244633749127388,5.0,0.21587616205215454
1401,1,0.45139577984809875,3.0,0.2928122580051422,5.0,0.13817423582077026
1403,4,0.3158399760723114,5.0,0.2975361943244934,6.0,0.2399933785200119
1404,4,0.5357094407081604,5.0,0.1958385556936264,6.0,0.10509125888347626
1405,1,0.5239953398704529,5.0,0.27543237805366516,4.0,0.1200464740395546
1406,4,0.8475399017333984,5.0,0.07235757261514664,3.0,0.0537557490170002
1407,6,0.8350293040275574,9.0,0.0652751550078392,5.0,0.03305456042289734
1408,5,0.6837267279624939,4.0,0.17780911922454834,2.0,0.05347166955471039
1409,4,0.6042155027389526,0.0,0.18066804111003876,1.0,0.10493983328342438
1410,8,0.3580549955368042,2.0,0.26447296142578125,6.0,0.12253902107477188
1412,4,0.6068871021270752,5.0,0.2588624954223633,6.0,0.10524198412895203
1413,5,0.47956758737564087,1.0,0.24715563654899597,4.0,0.12477278709411621
1414,4,0.8018149733543396,6.0,0.0951685979962349,1.0,0.03552091866731644
1415,5,0.713074266910553,4.0,0.1563589870929718,0.0,0.06156531721353531
1416,4,0.9576545357704163,5.0,0.01652936078608036,,
1417,5,0.4357021152973175,1.0,0.2665959894657135,4.0,0.12761881947517395
1418,6,0.8845182061195374,5.0,0.08330794423818588,4.0,0.02438293769955635
1419,5,0.48047322034835815,1.0,0.3189428448677063,9.0,0.09102793782949448
1420,6,0.8882041573524475,4.0,0.03665526583790779,5.0,0.03261133283376694
1422,5,0.5454554557800293,4.0,0.2642401158809662,6.0,0.1842045783996582
1425,3,0.7163559198379517,5.0,0.1606958955526352,7.0,0.1047036424279213
1426,3,0.7498167753219604,5.0,0.13672345876693726,7.0,0.08796793222427368
1427,0,0.608004629611969,4.0,0.21444588899612427,5.0,0.08115480095148087
1428,1,0.5025390386581421,3.0,0.3343302309513092,5.0,0.08801273256540298
1429,9,0.44640979170799255,4.0,0.3941289186477661,5.0,0.13914431631565094
1430,6,0.7537331581115723,4.0,0.13671426475048065,5.0,0.0648544579744339
1431,4,0.9035467505455017,5.0,0.059173908084630966,6.0,0.02747916243970394
1432,5,0.6818255186080933,4.0,0.15477733314037323,9.0,0.04663456603884697
1433,5,0.7976624965667725,9.0,0.15989920496940613,4.0,0.039005473256111145
1435,4,0.7282997965812683,9.0,0.1775258332490921,5.0,0.07578838616609573
1436,5,0.47351789474487305,4.0,0.33791783452033997,1.0,0.15836073458194733
1437,5,0.8719261884689331,4.0,0.07031737267971039,3.0,0.03457353636622429
1438,4,0.4823474586009979,6.0,0.22799216210842133,5.0,0.2199813425540924
1439,6,0.8595288395881653,5.0,0.07396676391363144,4.0,0.03352637588977814
1440,6,0.6863473653793335,5.0,0.11523684859275818,4.0,0.10648895800113678
1441,4,0.4937985837459564,5.0,0.23832577466964722,0.0,0.15283530950546265
1442,4,0.9826393127441406,,,,
1443,4,0.7751825451850891,5.0,0.16198424994945526,0.0,0.028120553120970726
1445,5,0.8602117896080017,4.0,0.08042258769273758,0.0,0.045219119638204575
1446,6,0.6904253363609314,5.0,0.18040944635868073,4.0,0.05160246789455414
1447,3,0.8265222907066345,7.0,0.10364536195993423,5.0,0.053579218685626984
1448,5,0.4341435432434082,1.0,0.2583140432834625,4.0,0.1933751106262207
1449,4,0.7789218425750732,5.0,0.08115973323583603,0.0,0.07296860963106155
1450,4,0.6503728032112122,1.0,0.20433589816093445,9.0,0.07914343476295471
1451,5,0.5612059831619263,9.0,0.12401650100946426,8.0,0.11413845419883728
1452,4,0.8243210315704346,5.0,0.12699277698993683,3.0,0.03255676105618477
1453,4,0.6075804829597473,5.0,0.16179348528385162,0.0,0.12820951640605927
1456,1,0.6557645797729492,3.0,0.1601925939321518,6.0,0.08931311219930649
1457,1,0.5585494637489319,4.0,0.22064252197742462,9.0,0.08895128220319748
1458,5,0.4722245931625366,1.0,0.3140251636505127,4.0,0.1187274381518364
1459,4,0.697650671005249,5.0,0.1170043870806694,0.0,0.10050567984580994
1461,5,0.3532566428184509,4.0,0.3189036250114441,8.0,0.17284715175628662
1462,4,0.5808781385421753,5.0,0.20202060043811798,7.0,0.12053113430738449
1463,5,0.6763449907302856,4.0,0.2752794921398163,3.0,0.02149411104619503
1464,4,0.7975137829780579,0.0,0.08484917879104614,5.0,0.058581266552209854
1465,5,0.8442512154579163,0.0,0.06171112135052681,4.0,0.06061173230409622
1466,6,0.8916213512420654,5.0,0.034193605184555054,4.0,0.029192132875323296
1467,6,0.6688346266746521,4.0,0.16294708847999573,5.0,0.13734371960163116
1468,1,0.3456312119960785,5.0,0.3178999722003937,4.0,0.19171001017093658
1469,5,0.4383164346218109,6.0,0.2421998381614685,4.0,0.21722358465194702
1470,4,0.3088630437850952,8.0,0.2402612715959549,1.0,0.1704878807067871
1471,6,0.9312050342559814,9.0,0.050089333206415176,5.0,0.013371288776397705
1472,1,0.5577007532119751,4.0,0.1750040501356125,5.0,0.15078192949295044
1473,4,0.8999772667884827,5.0,0.07616778463125229,,
1474,5,0.6075818538665771,4.0,0.3284163475036621,1.0,0.04848814010620117
1475,5,0.6445124745368958,4.0,0.25357210636138916,3.0,0.0388016402721405
1476,5,0.8669391870498657,4.0,0.09821469336748123,3.0,0.025508731603622437
1477,5,0.6937195658683777,4.0,0.18244808912277222,6.0,0.05903217941522598
1482,4,0.7563766837120056,0.0,0.08583687245845795,5.0,0.08103572577238083
1483,6,0.884189248085022,5.0,0.03478003293275833,4.0,0.03321421518921852
1484,5,0.9098697304725647,4.0,0.028484497219324112,9.0,0.018979830667376518
1485,6,0.754800021648407,5.0,0.2092273086309433,4.0,0.023828050121665
1486,5,0.7873801589012146,4.0,0.14349554479122162,9.0,0.02812449261546135
1487,6,0.8525586724281311,5.0,0.10924571007490158,7.0,0.024060433730483055
1489,6,0.6668480634689331,5.0,0.2625405788421631,4.0,0.05189300328493118
1490,5,0.493547260761261,4.0,0.4337061941623688,6.0,0.03805258870124817
1491,4,0.8054109811782837,0.0,0.0695004016160965,8.0,0.050699133425951004
1492,4,0.5193535685539246,5.0,0.3958909213542938,0.0,0.04967893287539482
1493,5,0.8550477027893066,0.0,0.0514921173453331,4.0,0.04639829695224762
1494,4,0.8091736435890198,5.0,0.0611245222389698,1.0,0.04989245533943176
1497,4,0.714500904083252,6.0,0.07306428253650665,8.0,0.06124785169959068
1499,5,0.5151786804199219,6.0,0.42299067974090576,0.0,0.023653702810406685
1501,5,0.47751784324645996,6.0,0.43441009521484375,4.0,0.056124817579984665
1503,1,0.32351136207580566,5.0,0.29579249024391174,4.0,0.266608864068985
1504,5,0.3909602165222168,1.0,0.31806787848472595,4.0,0.11521375924348831
1505,4,0.41766634583473206,8.0,0.23716293275356293,5.0,0.16115640103816986
1506,5,0.6475585699081421,4.0,0.203530415892601,9.0,0.04407312348484993
1508,4,0.8156149983406067,5.0,0.08271180838346481,0.0,0.07022867351770401
1509,6,0.6031593680381775,2.0,0.17106784880161285,5.0,0.16634710133075714
1513,4,0.8621487021446228,5.0,0.08296447992324829,6.0,0.041927531361579895
1515,6,0.6716291308403015,5.0,0.27847880125045776,4.0,0.030795926228165627
1516,4,0.8258651494979858,5.0,0.08364461362361908,8.0,0.06557994335889816
1517,5,0.2871326804161072,8.0,0.28293123841285706,4.0,0.24584002792835236
1518,5,0.7857082486152649,4.0,0.16763907670974731,0.0,0.026692960411310196
1520,5,0.7427259683609009,4.0,0.2199632078409195,6.0,0.018435925245285034
1521,6,0.6951920986175537,5.0,0.20526425540447235,4.0,0.03212660178542137
1522,6,0.6490444540977478,5.0,0.30590036511421204,4.0,0.016644176095724106
1523,4,0.4592963755130768,5.0,0.3575408160686493,6.0,0.12000460922718048
1524,4,0.7187528610229492,5.0,0.16622808575630188,2.0,0.07643767446279526
1525,6,0.48406800627708435,5.0,0.47172242403030396,4.0,0.0384957529604435
1526,6,0.45096632838249207,5.0,0.318077951669693,4.0,0.11168680340051651
1527,6,0.45096710324287415,5.0,0.31807830929756165,4.0,0.11168748885393143
1528,4,0.44792571663856506,1.0,0.3404899835586548,9.0,0.1763264536857605
1529,6,0.7022319436073303,5.0,0.13787204027175903,4.0,0.043101515620946884
1532,6,0.6665030121803284,5.0,0.25195908546447754,4.0,0.048703961074352264
1533,1,0.3773718476295471,5.0,0.27983275055885315,4.0,0.2291698008775711
1535,4,0.6646150946617126,5.0,0.22473019361495972,3.0,0.06658930331468582
1536,1,0.5461757183074951,9.0,0.18606612086296082,4.0,0.08972440659999847
1539,6,0.8422706127166748,5.0,0.07634074985980988,4.0,0.02731993980705738
1541,5,0.918893575668335,4.0,0.04345529526472092,0.0,0.01740078069269657
1542,4,0.5996858477592468,8.0,0.2348274439573288,0.0,0.06835104525089264
1544,4,0.5561462640762329,8.0,0.19327884912490845,2.0,0.08166061341762543
1546,4,0.5008915662765503,0.0,0.3537067770957947,5.0,0.0684695839881897
1547,5,0.4361639618873596,4.0,0.31633591651916504,7.0,0.14058201014995575
1548,5,0.6492756605148315,8.0,0.16683679819107056,4.0,0.09131748229265213
1552,4,0.4973596930503845,8.0,0.2463151067495346,0.0,0.08457045257091522
1553,4,0.43090736865997314,8.0,0.36261212825775146,5.0,0.09245997667312622
1554,4,0.8672353625297546,0.0,0.06458596885204315,5.0,0.028771867975592613
1558,4,0.46510791778564453,9.0,0.34761160612106323,5.0,0.1259046494960785
1560,6,0.833041250705719,4.0,0.09306298941373825,5.0,0.050038836896419525
1561,5,0.7079430222511292,4.0,0.18982799351215363,0.0,0.07651631534099579
1562,5,0.5316812992095947,4.0,0.26435890793800354,7.0,0.20064958930015564
1564,4,0.8790348768234253,5.0,0.04615325480699539,0.0,0.0402984693646431
1566,4,0.7866986393928528,9.0,0.13116036355495453,6.0,0.04442441463470459
1567,4,0.5255968570709229,0.0,0.33015888929367065,5.0,0.05962355062365532
1570,1,0.3319149911403656,4.0,0.2653665840625763,5.0,0.24483349919319153
1571,6,0.8436493277549744,4.0,0.1365092694759369,0.0,0.010461115278303623
1572,6,0.546165406703949,5.0,0.3518291711807251,4.0,0.06369299441576004
1573,4,0.8596935868263245,5.0,0.061443328857421875,7.0,0.03920486569404602
1574,6,0.7028423547744751,5.0,0.11051873862743378,4.0,0.04792589694261551
1575,5,0.5059995651245117,4.0,0.4298364222049713,0.0,0.04989979788661003
1576,4,0.8718793988227844,5.0,0.07403527200222015,3.0,0.01670701615512371
1577,6,0.7166900038719177,5.0,0.21539537608623505,9.0,0.03713750094175339
1578,4,0.8250145316123962,5.0,0.07943226397037506,9.0,0.05211782827973366
1579,4,0.9640339016914368,5.0,0.013815619982779026,,
1580,6,0.8683988451957703,5.0,0.042181771248579025,4.0,0.03474512696266174
1581,4,0.9773812890052795,,,,
1582,4,0.6599313020706177,8.0,0.26590612530708313,1.0,0.03691286966204643
1584,5,0.7556950449943542,4.0,0.1346484273672104,6.0,0.04455273225903511
1585,4,0.400898814201355,8.0,0.3275201916694641,0.0,0.09837337583303452
1587,4,0.7009756565093994,8.0,0.1925840824842453,5.0,0.07162529230117798
1588,1,0.35734400153160095,4.0,0.27260929346084595,9.0,0.24790051579475403
1589,5,0.2830222547054291,4.0,0.24071238934993744,6.0,0.0840420350432396
1590,4,0.6071689128875732,5.0,0.20727947354316711,0.0,0.10269604623317719
1591,4,0.8408019542694092,6.0,0.06941937655210495,7.0,0.04048372805118561
1593,5,0.5943273901939392,4.0,0.19409796595573425,7.0,0.11523916572332382
1594,4,0.6836138963699341,8.0,0.06924501061439514,5.0,0.06501102447509766
1596,4,0.3410298228263855,1.0,0.2643778324127197,7.0,0.22385680675506592
1597,4,0.8300586938858032,8.0,0.053707923740148544,0.0,0.04382758215069771
1600,6,0.6983004808425903,5.0,0.2214353084564209,4.0,0.07500135898590088
1605,7,0.33873414993286133,4.0,0.3344561457633972,1.0,0.23697534203529358
1606,6,0.6996144652366638,5.0,0.21956680715084076,4.0,0.07635373622179031
1607,5,0.9065312147140503,4.0,0.06467656046152115,6.0,0.014703783206641674
1608,4,0.6622400283813477,5.0,0.1829594373703003,7.0,0.07825580984354019
1609,5,0.6233433485031128,4.0,0.30679768323898315,9.0,0.042679280042648315
1611,4,0.44689837098121643,9.0,0.35949966311454773,5.0,0.17349405586719513
1612,5,0.8107267022132874,4.0,0.12043707072734833,0.0,0.05201910808682442
1613,1,0.4479300379753113,4.0,0.2692660689353943,5.0,0.15700379014015198
1616,4,0.7346058487892151,5.0,0.13008539378643036,6.0,0.09533985704183578
1619,7,0.5205221772193909,4.0,0.4397706389427185,9.0,0.025761224329471588
1620,1,0.6642821431159973,9.0,0.1874481737613678,5.0,0.09553176164627075
1623,4,0.7491016983985901,5.0,0.18581873178482056,2.0,0.03429625555872917
1624,4,0.9805397391319275,,,,
1625,4,0.6575154662132263,8.0,0.17851246893405914,0.0,0.08703431487083435
1626,5,0.5872113108634949,4.0,0.3044533133506775,7.0,0.03988160565495491
1627,5,0.6806743741035461,4.0,0.25719213485717773,7.0,0.03804320469498634
1629,7,0.48144978284835815,4.0,0.3878820240497589,5.0,0.07994373142719269
1630,5,0.43615561723709106,4.0,0.25710317492485046,7.0,0.21308891475200653
1631,6,0.93968665599823,0.0,0.023911986500024796,5.0,0.02280883863568306
1632,4,0.9399692416191101,7.0,0.02702466957271099,5.0,0.02292810007929802
1634,1,0.32773512601852417,4.0,0.2941174805164337,7.0,0.289358913898468
1638,6,0.7818906903266907,4.0,0.14375482499599457,5.0,0.04733235016465187
1639,4,0.3123193681240082,1.0,0.23107463121414185,5.0,0.21950142085552216
1640,4,0.6743789315223694,5.0,0.1753500998020172,6.0,0.0725075751543045
1641,4,0.7507849335670471,5.0,0.13086098432540894,0.0,0.07348980009555817
1644,5,0.4771282970905304,7.0,0.24609899520874023,4.0,0.21827349066734314
1646,5,0.4499760866165161,4.0,0.19190262258052826,7.0,0.1462651640176773
1647,5,0.3532273471355438,4.0,0.3425496220588684,0.0,0.10015258193016052
1648,4,0.715063214302063,5.0,0.20791929960250854,6.0,0.04996557533740997
1649,6,0.5682676434516907,5.0,0.3884727358818054,4.0,0.03214855492115021
1651,5,0.5915053486824036,4.0,0.27257782220840454,9.0,0.08654765039682388
1654,4,0.8220763206481934,5.0,0.1042344868183136,0.0,0.03613665699958801
1655,4,0.634150505065918,5.0,0.2132767289876938,6.0,0.047175753861665726
1656,4,0.5856739282608032,7.0,0.18877115845680237,5.0,0.17928145825862885
1657,5,0.7668293118476868,4.0,0.08270607888698578,0.0,0.0776839405298233
1658,6,0.6521506309509277,4.0,0.1519489884376526,5.0,0.1360563486814499
1660,4,0.434738427400589,8.0,0.2573768198490143,0.0,0.1353764683008194
1661,4,0.6326195597648621,7.0,0.22489692270755768,0.0,0.051910728216171265
1662,4,0.8882025480270386,9.0,0.07627987116575241,5.0,0.01572638563811779
1665,6,0.8950414657592773,5.0,0.044191159307956696,4.0,0.02900872752070427
1666,6,0.7825257778167725,5.0,0.11993107944726944,9.0,0.0841255933046341
1667,5,0.9047155380249023,7.0,0.04365178942680359,9.0,0.017540737986564636
1668,4,0.25720736384391785,1.0,0.24441899359226227,5.0,0.22746171057224274
1669,5,0.7255013585090637,4.0,0.23192498087882996,7.0,0.01374775916337967
1670,5,0.4520321190357208,4.0,0.4399895668029785,2.0,0.05580176040530205
1672,5,0.4403068721294403,6.0,0.38589808344841003,3.0,0.13118606805801392
1676,6,0.6347055435180664,5.0,0.2534668743610382,4.0,0.10809151828289032
1677,5,0.2856411933898926,1.0,0.24302226305007935,7.0,0.17722168564796448
1678,4,0.35764506459236145,7.0,0.2745826542377472,5.0,0.2578447759151459
1679,4,0.4769255518913269,5.0,0.41364577412605286,6.0,0.09432215243577957
1680,4,0.5652816891670227,8.0,0.28215157985687256,7.0,0.07738789170980453
1681,1,0.611223042011261,4.0,0.15228310227394104,6.0,0.12147904187440872
1682,4,0.902259886264801,8.0,0.055397290736436844,,
1683,7,0.29614537954330444,1.0,0.24201352894306183,4.0,0.22602751851081848
